scroll debug log initialized
app start cwd=/Users/juancho/Documents/wccce-2026-keynote log=/Users/juancho/Documents/wccce-2026-keynote/scroll_debug.log
probe type=4 widget=Scrollbar delta=0 num=1 state=0
probe type=5 widget=Scrollbar delta=0 num=1 state=256
probe type=7 widget=Canvas delta=0 num=?? state=0
probe type=9 widget=Canvas delta=0 num=?? state=??
probe type=7 widget=Frame delta=0 num=?? state=0
probe type=7 widget=Frame delta=0 num=?? state=0
probe type=7 widget=Frame delta=0 num=?? state=0
probe type=7 widget=Frame delta=0 num=?? state=0
probe type=7 widget=Scrollbar delta=0 num=?? state=0
probe type=8 widget=Scrollbar delta=0 num=?? state=0
probe type=7 widget=Text delta=0 num=?? state=0
probe type=8 widget=Text delta=0 num=?? state=0
probe type=8 widget=Frame delta=0 num=?? state=0
probe type=8 widget=Frame delta=0 num=?? state=0
probe type=8 widget=Frame delta=0 num=?? state=0
probe type=7 widget=Frame delta=0 num=?? state=0
probe type=7 widget=Frame delta=0 num=?? state=0
probe type=7 widget=Frame delta=0 num=?? state=0
probe type=7 widget=Text delta=0 num=?? state=0
probe type=8 widget=Text delta=0 num=?? state=0
probe type=8 widget=Frame delta=0 num=?? state=0
probe type=7 widget=Frame delta=0 num=?? state=0
probe type=8 widget=Frame delta=0 num=?? state=0
probe type=7 widget=Label delta=0 num=?? state=0
probe type=8 widget=Label delta=0 num=?? state=0
probe type=7 widget=Frame delta=0 num=?? state=0
probe type=8 widget=Frame delta=0 num=?? state=0
probe type=7 widget=Frame delta=0 num=?? state=0
probe type=8 widget=Frame delta=0 num=?? state=0
probe type=7 widget=Frame delta=0 num=?? state=0
probe type=8 widget=Frame delta=0 num=?? state=0
probe type=7 widget=Frame delta=0 num=?? state=0
probe type=7 widget=Frame delta=0 num=?? state=0
probe type=7 widget=Canvas delta=0 num=?? state=0
probe type=8 widget=Canvas delta=0 num=?? state=0
probe type=7 widget=Frame delta=0 num=?? state=0
probe type=8 widget=Frame delta=0 num=?? state=0
probe type=8 widget=Frame delta=0 num=?? state=0
probe type=7 widget=Frame delta=0 num=?? state=0
probe type=8 widget=Frame delta=0 num=?? state=0
probe type=7 widget=Frame delta=0 num=?? state=0
probe type=8 widget=Frame delta=0 num=?? state=0
probe type=7 widget=Label delta=0 num=?? state=0
probe type=8 widget=Label delta=0 num=?? state=0
probe type=8 widget=Frame delta=0 num=?? state=0
probe type=8 widget=Frame delta=0 num=?? state=0
probe type=7 widget=Frame delta=0 num=?? state=0
probe type=8 widget=Frame delta=0 num=?? state=0
probe type=7 widget=Label delta=0 num=?? state=0
probe type=8 widget=Label delta=0 num=?? state=0
probe type=8 widget=Frame delta=0 num=?? state=0
probe type=7 widget=Frame delta=0 num=?? state=0
probe type=8 widget=Frame delta=0 num=?? state=0
probe type=7 widget=Frame delta=0 num=?? state=0
probe type=7 widget=Frame delta=0 num=?? state=0
probe type=8 widget=Frame delta=0 num=?? state=0
probe type=7 widget=Frame delta=0 num=?? state=0
probe type=7 widget=Text delta=0 num=?? state=0
probe type=8 widget=Text delta=0 num=?? state=0
probe type=8 widget=Frame delta=0 num=?? state=0
probe type=7 widget=Frame delta=0 num=?? state=0
probe type=8 widget=Frame delta=0 num=?? state=0
probe type=7 widget=Frame delta=0 num=?? state=0
probe type=7 widget=Button delta=0 num=?? state=0
probe type=8 widget=Button delta=0 num=?? state=0
probe type=8 widget=Frame delta=0 num=?? state=0
probe type=8 widget=Frame delta=0 num=?? state=0
probe type=8 widget=Frame delta=0 num=?? state=0
probe type=8 widget=Canvas delta=0 num=?? state=0
probe type=4 widget=Scrollbar delta=0 num=1 state=0
probe type=5 widget=Scrollbar delta=0 num=1 state=256
probe type=4 widget=Scrollbar delta=0 num=1 state=0
probe type=5 widget=Scrollbar delta=0 num=1 state=256
probe type=7 widget=Canvas delta=0 num=?? state=0
probe type=7 widget=Frame delta=0 num=?? state=0
probe type=8 widget=Frame delta=0 num=?? state=0
probe type=7 widget=Frame delta=0 num=?? state=0
probe type=8 widget=Frame delta=0 num=?? state=0
probe type=7 widget=Frame delta=0 num=?? state=0
probe type=8 widget=Frame delta=0 num=?? state=0
probe type=7 widget=Entry delta=0 num=?? state=0
probe type=8 widget=Entry delta=0 num=?? state=0
probe type=7 widget=Frame delta=0 num=?? state=0
probe type=8 widget=Frame delta=0 num=?? state=0
probe type=7 widget=Frame delta=0 num=?? state=0
probe type=7 widget=Text delta=0 num=?? state=0
probe type=8 widget=Text delta=0 num=?? state=0
probe type=8 widget=Frame delta=0 num=?? state=0
probe type=7 widget=Frame delta=0 num=?? state=0
probe type=8 widget=Frame delta=0 num=?? state=0
probe type=7 widget=Frame delta=0 num=?? state=0
probe type=4 widget=Frame delta=0 num=1 state=0
drag start widget=Frame y=273
probe type=4 widget=Frame delta=0 num=1 state=0
drag scroll dy=-6 steps=1 widget=Frame
drag scroll dy=-6 steps=1 widget=Frame
drag scroll dy=-6 steps=1 widget=Frame
drag scroll dy=-6 steps=1 widget=Frame
drag scroll dy=-6 steps=1 widget=Frame
drag scroll dy=-6 steps=1 widget=Frame
drag scroll dy=-6 steps=1 widget=Frame
drag scroll dy=-6 steps=1 widget=Frame
drag scroll dy=-6 steps=1 widget=Frame
drag scroll dy=-6 steps=1 widget=Frame
drag scroll dy=-6 steps=1 widget=Frame
drag scroll dy=-6 steps=1 widget=Frame
drag scroll dy=-6 steps=1 widget=Frame
drag scroll dy=-6 steps=1 widget=Frame
drag scroll dy=-6 steps=1 widget=Frame
drag scroll dy=-6 steps=1 widget=Frame
drag scroll dy=-6 steps=1 widget=Frame
drag scroll dy=-8 steps=1 widget=Frame
drag scroll dy=-6 steps=1 widget=Frame
drag scroll dy=-6 steps=1 widget=Frame
drag scroll dy=-6 steps=1 widget=Frame
probe type=8 widget=Frame delta=0 num=?? state=256
probe type=5 widget=Frame delta=0 num=1 state=256
drag end widget=Frame y=140
probe type=5 widget=Frame delta=0 num=1 state=256
probe type=8 widget=Frame delta=0 num=?? state=0
probe type=7 widget=Frame delta=0 num=?? state=0
probe type=8 widget=Frame delta=0 num=?? state=0
probe type=7 widget=Frame delta=0 num=?? state=0
probe type=8 widget=Frame delta=0 num=?? state=0
probe type=7 widget=Entry delta=0 num=?? state=0
probe type=8 widget=Entry delta=0 num=?? state=0
probe type=7 widget=Frame delta=0 num=?? state=0
probe type=8 widget=Frame delta=0 num=?? state=0
probe type=7 widget=Frame delta=0 num=?? state=0
probe type=7 widget=Text delta=0 num=?? state=0
probe type=8 widget=Text delta=0 num=?? state=0
probe type=8 widget=Frame delta=0 num=?? state=0
probe type=8 widget=Frame delta=0 num=?? state=0
probe type=8 widget=Frame delta=0 num=?? state=0
probe type=8 widget=Frame delta=0 num=?? state=0
probe type=8 widget=Canvas delta=0 num=?? state=0
probe type=10 widget=Canvas delta=0 num=?? state=??
probe type=9 widget=Canvas delta=0 num=?? state=??
probe type=7 widget=Canvas delta=0 num=?? state=0
probe type=7 widget=Frame delta=0 num=?? state=0
probe type=7 widget=Frame delta=0 num=?? state=0
probe type=7 widget=Frame delta=0 num=?? state=0
probe type=7 widget=Frame delta=0 num=?? state=0
probe type=7 widget=Frame delta=0 num=?? state=0
probe type=7 widget=Canvas delta=0 num=?? state=0
probe type=8 widget=Canvas delta=0 num=?? state=0
probe type=8 widget=Frame delta=0 num=?? state=0
probe type=8 widget=Frame delta=0 num=?? state=0
probe type=7 widget=Frame delta=0 num=?? state=0
probe type=8 widget=Frame delta=0 num=?? state=0
probe type=8 widget=Frame delta=0 num=?? state=0
probe type=7 widget=Frame delta=0 num=?? state=0
probe type=8 widget=Frame delta=0 num=?? state=0
probe type=8 widget=Frame delta=0 num=?? state=0
probe type=8 widget=Canvas delta=0 num=?? state=0
probe type=4 widget=Button delta=0 num=1 state=0
probe type=5 widget=Button delta=0 num=1 state=256
probe type=7 widget=Canvas delta=0 num=?? state=0
probe type=7 widget=Frame delta=0 num=?? state=0
probe type=7 widget=Frame delta=0 num=?? state=0
probe type=7 widget=Frame delta=0 num=?? state=0
probe type=7 widget=Text delta=0 num=?? state=0
probe type=8 widget=Text delta=0 num=?? state=0
probe type=8 widget=Frame delta=0 num=?? state=0
probe type=7 widget=Frame delta=0 num=?? state=0
probe type=8 widget=Frame delta=0 num=?? state=0
probe type=7 widget=Frame delta=0 num=?? state=0
probe type=7 widget=Label delta=0 num=?? state=0
probe type=8 widget=Label delta=0 num=?? state=0
probe type=8 widget=Frame delta=0 num=?? state=0
probe type=7 widget=Frame delta=0 num=?? state=0
probe type=8 widget=Frame delta=0 num=?? state=0
probe type=7 widget=Frame delta=0 num=?? state=0
probe type=7 widget=Frame delta=0 num=?? state=0
probe type=8 widget=Frame delta=0 num=?? state=0
probe type=7 widget=Frame delta=0 num=?? state=0
probe type=8 widget=Frame delta=0 num=?? state=0
probe type=7 widget=Frame delta=0 num=?? state=0
probe type=7 widget=Text delta=0 num=?? state=0
probe type=8 widget=Text delta=0 num=?? state=0
probe type=7 widget=Scrollbar delta=0 num=?? state=0
probe type=8 widget=Scrollbar delta=0 num=?? state=0
probe type=8 widget=Frame delta=0 num=?? state=0
probe type=7 widget=Frame delta=0 num=?? state=0
probe type=4 widget=Frame delta=0 num=1 state=0
drag start widget=Frame y=36
probe type=4 widget=Frame delta=0 num=1 state=0
drag scroll dy=10 steps=-1 widget=Frame
drag scroll dy=7 steps=-1 widget=Frame
drag scroll dy=7 steps=-1 widget=Frame
drag scroll dy=11 steps=-1 widget=Frame
drag scroll dy=9 steps=-1 widget=Frame
drag scroll dy=10 steps=-1 widget=Frame
drag scroll dy=9 steps=-1 widget=Frame
drag scroll dy=7 steps=-1 widget=Frame
drag scroll dy=9 steps=-1 widget=Frame
drag scroll dy=8 steps=-1 widget=Frame
drag scroll dy=8 steps=-1 widget=Frame
drag scroll dy=7 steps=-1 widget=Frame
drag scroll dy=6 steps=-1 widget=Frame
drag scroll dy=-6 steps=1 widget=Frame
drag scroll dy=-6 steps=1 widget=Frame
probe type=5 widget=Frame delta=0 num=1 state=256
drag end widget=Frame y=131
probe type=5 widget=Frame delta=0 num=1 state=256
probe type=8 widget=Frame delta=0 num=?? state=0
probe type=7 widget=Frame delta=0 num=?? state=0
probe type=8 widget=Frame delta=0 num=?? state=0
probe type=7 widget=Label delta=0 num=?? state=0
probe type=8 widget=Label delta=0 num=?? state=0
probe type=8 widget=Frame delta=0 num=?? state=0
probe type=7 widget=Frame delta=0 num=?? state=0
probe type=8 widget=Frame delta=0 num=?? state=0
probe type=7 widget=Frame delta=0 num=?? state=0
probe type=7 widget=Frame delta=0 num=?? state=0
probe type=7 widget=Frame delta=0 num=?? state=0
probe type=7 widget=Canvas delta=0 num=?? state=0
probe type=8 widget=Canvas delta=0 num=?? state=0
probe type=8 widget=Frame delta=0 num=?? state=0
probe type=8 widget=Frame delta=0 num=?? state=0
probe type=7 widget=Frame delta=0 num=?? state=0
probe type=8 widget=Frame delta=0 num=?? state=0
probe type=7 widget=Frame delta=0 num=?? state=0
probe type=7 widget=Text delta=0 num=?? state=0
probe type=8 widget=Text delta=0 num=?? state=0
probe type=8 widget=Frame delta=0 num=?? state=0
probe type=7 widget=Frame delta=0 num=?? state=0
probe type=7 widget=Frame delta=0 num=?? state=0
probe type=7 widget=Canvas delta=0 num=?? state=0
probe type=8 widget=Canvas delta=0 num=?? state=0
probe type=8 widget=Frame delta=0 num=?? state=0
probe type=8 widget=Frame delta=0 num=?? state=0
probe type=7 widget=Frame delta=0 num=?? state=0
probe type=8 widget=Frame delta=0 num=?? state=0
probe type=7 widget=Frame delta=0 num=?? state=0
probe type=8 widget=Frame delta=0 num=?? state=0
probe type=7 widget=Frame delta=0 num=?? state=0
probe type=7 widget=Frame delta=0 num=?? state=0
probe type=7 widget=Text delta=0 num=?? state=0
probe type=8 widget=Text delta=0 num=?? state=0
probe type=8 widget=Frame delta=0 num=?? state=0
probe type=7 widget=Label delta=0 num=?? state=0
probe type=8 widget=Label delta=0 num=?? state=0
probe type=7 widget=Frame delta=0 num=?? state=0
probe type=8 widget=Frame delta=0 num=?? state=0
probe type=7 widget=Frame delta=0 num=?? state=0
probe type=7 widget=Text delta=0 num=?? state=0
probe type=8 widget=Text delta=0 num=?? state=0
probe type=8 widget=Frame delta=0 num=?? state=0
probe type=7 widget=Frame delta=0 num=?? state=0
probe type=8 widget=Frame delta=0 num=?? state=0
probe type=7 widget=Label delta=0 num=?? state=0
probe type=8 widget=Label delta=0 num=?? state=0
probe type=7 widget=Frame delta=0 num=?? state=0
probe type=8 widget=Frame delta=0 num=?? state=0
probe type=7 widget=Entry delta=0 num=?? state=0
probe type=8 widget=Entry delta=0 num=?? state=0
probe type=7 widget=Frame delta=0 num=?? state=0
probe type=8 widget=Frame delta=0 num=?? state=0
probe type=7 widget=Frame delta=0 num=?? state=0
probe type=8 widget=Frame delta=0 num=?? state=0
probe type=7 widget=Frame delta=0 num=?? state=0
probe type=8 widget=Frame delta=0 num=?? state=0
probe type=7 widget=Frame delta=0 num=?? state=0
probe type=7 widget=Frame delta=0 num=?? state=0
probe type=8 widget=Frame delta=0 num=?? state=0
probe type=7 widget=Frame delta=0 num=?? state=0
probe type=8 widget=Frame delta=0 num=?? state=0
probe type=7 widget=Frame delta=0 num=?? state=0
probe type=7 widget=Scrollbar delta=0 num=?? state=0
probe type=8 widget=Scrollbar delta=0 num=?? state=0
probe type=7 widget=Text delta=0 num=?? state=0
probe type=8 widget=Text delta=0 num=?? state=0
probe type=8 widget=Frame delta=0 num=?? state=0
probe type=8 widget=Frame delta=0 num=?? state=0
probe type=8 widget=Frame delta=0 num=?? state=0
probe type=8 widget=Canvas delta=0 num=?? state=0
probe type=4 widget=Text delta=0 num=1 state=0
probe type=10 widget=Canvas delta=0 num=?? state=??
probe type=5 widget=Text delta=0 num=1 state=256
probe type=7 widget=Canvas delta=0 num=?? state=0
probe type=9 widget=Canvas delta=0 num=?? state=??
probe type=7 widget=Frame delta=0 num=?? state=0
probe type=7 widget=Frame delta=0 num=?? state=0
probe type=7 widget=Frame delta=0 num=?? state=0
probe type=7 widget=Text delta=0 num=?? state=0
probe type=8 widget=Text delta=0 num=?? state=0
probe type=8 widget=Frame delta=0 num=?? state=0
probe type=8 widget=Frame delta=0 num=?? state=0
probe type=7 widget=Frame delta=0 num=?? state=0
probe type=8 widget=Frame delta=0 num=?? state=0
probe type=7 widget=Frame delta=0 num=?? state=0
probe type=7 widget=Label delta=0 num=?? state=0
probe type=8 widget=Label delta=0 num=?? state=0
probe type=7 widget=Frame delta=0 num=?? state=0
probe type=8 widget=Frame delta=0 num=?? state=0
probe type=7 widget=Frame delta=0 num=?? state=0
probe type=7 widget=Frame delta=0 num=?? state=0
probe type=7 widget=Frame delta=0 num=?? state=0
probe type=7 widget=Canvas delta=0 num=?? state=0
probe type=8 widget=Canvas delta=0 num=?? state=0
probe type=8 widget=Frame delta=0 num=?? state=0
probe type=8 widget=Frame delta=0 num=?? state=0
probe type=7 widget=Frame delta=0 num=?? state=0
probe type=8 widget=Frame delta=0 num=?? state=0
probe type=7 widget=Frame delta=0 num=?? state=0
probe type=8 widget=Frame delta=0 num=?? state=0
probe type=7 widget=Frame delta=0 num=?? state=0
probe type=8 widget=Frame delta=0 num=?? state=0
probe type=7 widget=Frame delta=0 num=?? state=0
probe type=8 widget=Frame delta=0 num=?? state=0
probe type=7 widget=Frame delta=0 num=?? state=0
probe type=8 widget=Frame delta=0 num=?? state=0
probe type=7 widget=Label delta=0 num=?? state=0
probe type=8 widget=Label delta=0 num=?? state=0
probe type=7 widget=Frame delta=0 num=?? state=0
probe type=8 widget=Frame delta=0 num=?? state=0
probe type=7 widget=Label delta=0 num=?? state=0
probe type=8 widget=Label delta=0 num=?? state=0
probe type=7 widget=Frame delta=0 num=?? state=0
probe type=4 widget=Frame delta=0 num=1 state=0
drag start widget=Frame y=112
probe type=4 widget=Frame delta=0 num=1 state=0
drag scroll dy=-6 steps=1 widget=Frame
drag scroll dy=-6 steps=1 widget=Frame
drag scroll dy=-6 steps=1 widget=Frame
drag scroll dy=-6 steps=1 widget=Frame
drag scroll dy=-6 steps=1 widget=Frame
probe type=5 widget=Frame delta=0 num=1 state=256
drag end widget=Frame y=79
probe type=5 widget=Frame delta=0 num=1 state=256
probe type=8 widget=Frame delta=0 num=?? state=0
probe type=7 widget=Frame delta=0 num=?? state=0
probe type=7 widget=Text delta=0 num=?? state=0
probe type=8 widget=Text delta=0 num=?? state=0
probe type=8 widget=Frame delta=0 num=?? state=0
probe type=7 widget=Frame delta=0 num=?? state=0
probe type=8 widget=Frame delta=0 num=?? state=0
probe type=7 widget=Frame delta=0 num=?? state=0
probe type=8 widget=Frame delta=0 num=?? state=0
probe type=7 widget=Frame delta=0 num=?? state=0
probe type=7 widget=Button delta=0 num=?? state=0
probe type=8 widget=Button delta=0 num=?? state=0
probe type=8 widget=Frame delta=0 num=?? state=0
probe type=7 widget=Frame delta=0 num=?? state=0
probe type=8 widget=Frame delta=0 num=?? state=0
probe type=7 widget=Frame delta=0 num=?? state=0
probe type=7 widget=Button delta=0 num=?? state=0
probe type=4 widget=Button delta=0 num=1 state=0
probe type=4 widget=Button delta=0 num=1 state=0
probe type=5 widget=Button delta=0 num=1 state=256
probe type=5 widget=Button delta=0 num=1 state=256
probe type=8 widget=Button delta=0 num=?? state=0
probe type=8 widget=Frame delta=0 num=?? state=0
probe type=7 widget=Frame delta=0 num=?? state=0
probe type=8 widget=Frame delta=0 num=?? state=0
probe type=7 widget=Frame delta=0 num=?? state=0
probe type=7 widget=Text delta=0 num=?? state=0
probe type=4 widget=Text delta=0 num=1 state=0
probe type=4 widget=Text delta=0 num=1 state=0
probe type=10 widget=Canvas delta=0 num=?? state=??
probe type=9 widget=Frame delta=0 num=?? state=??
probe type=9 widget=Frame delta=0 num=?? state=??
probe type=9 widget=Frame delta=0 num=?? state=??
probe type=9 widget=Text delta=0 num=?? state=??
probe type=5 widget=Text delta=0 num=1 state=256
probe type=5 widget=Text delta=0 num=1 state=256
probe type=8 widget=Text delta=0 num=?? state=0
probe type=7 widget=Scrollbar delta=0 num=?? state=0
probe type=8 widget=Scrollbar delta=0 num=?? state=0
probe type=8 widget=Frame delta=0 num=?? state=0
probe type=7 widget=Frame delta=0 num=?? state=0
probe type=8 widget=Frame delta=0 num=?? state=0
probe type=7 widget=Frame delta=0 num=?? state=0
probe type=7 widget=Button delta=0 num=?? state=0
probe type=8 widget=Button delta=0 num=?? state=0
probe type=7 widget=Frame delta=0 num=?? state=0
probe type=8 widget=Frame delta=0 num=?? state=0
probe type=7 widget=Button delta=0 num=?? state=0
probe type=8 widget=Button delta=0 num=?? state=0
probe type=7 widget=Frame delta=0 num=?? state=0
probe type=8 widget=Frame delta=0 num=?? state=0
probe type=7 widget=Button delta=0 num=?? state=0
probe type=4 widget=Button delta=0 num=1 state=0
probe type=4 widget=Button delta=0 num=1 state=0
probe type=5 widget=Button delta=0 num=1 state=256
probe type=5 widget=Button delta=0 num=1 state=256
probe type=8 widget=Button delta=0 num=?? state=0
probe type=8 widget=Frame delta=0 num=?? state=0
probe type=7 widget=Frame delta=0 num=?? state=0
probe type=8 widget=Frame delta=0 num=?? state=0
probe type=7 widget=Frame delta=0 num=?? state=0
probe type=7 widget=Text delta=0 num=?? state=0
probe type=8 widget=Text delta=0 num=?? state=0
probe type=8 widget=Frame delta=0 num=?? state=0
probe type=8 widget=Frame delta=0 num=?? state=0
probe type=8 widget=Frame delta=0 num=?? state=0
probe type=8 widget=Canvas delta=0 num=?? state=0
probe type=10 widget=Text delta=0 num=?? state=??
probe type=10 widget=Frame delta=0 num=?? state=??
probe type=10 widget=Frame delta=0 num=?? state=??
probe type=10 widget=Frame delta=0 num=?? state=??
probe type=10 widget=Canvas delta=0 num=?? state=??
probe type=9 widget=Canvas delta=0 num=?? state=??
probe type=9 widget=Frame delta=0 num=?? state=??
probe type=9 widget=Frame delta=0 num=?? state=??
probe type=9 widget=Frame delta=0 num=?? state=??
probe type=9 widget=Text delta=0 num=?? state=??
probe type=7 widget=Canvas delta=0 num=?? state=0
probe type=10 widget=Text delta=0 num=?? state=??
probe type=10 widget=Frame delta=0 num=?? state=??
probe type=10 widget=Frame delta=0 num=?? state=??
probe type=10 widget=Frame delta=0 num=?? state=??
probe type=9 widget=Canvas delta=0 num=?? state=??
probe type=7 widget=Frame delta=0 num=?? state=0
probe type=7 widget=Frame delta=0 num=?? state=0
probe type=7 widget=Frame delta=0 num=?? state=0
probe type=7 widget=Frame delta=0 num=?? state=0
probe type=7 widget=Text delta=0 num=?? state=0
probe type=8 widget=Text delta=0 num=?? state=0
probe type=8 widget=Frame delta=0 num=?? state=0
probe type=7 widget=Frame delta=0 num=?? state=0
probe type=8 widget=Frame delta=0 num=?? state=0
probe type=7 widget=Frame delta=0 num=?? state=0
probe type=7 widget=Frame delta=0 num=?? state=0
probe type=7 widget=Canvas delta=0 num=?? state=0
probe type=8 widget=Canvas delta=0 num=?? state=0
probe type=8 widget=Frame delta=0 num=?? state=0
probe type=8 widget=Frame delta=0 num=?? state=0
probe type=7 widget=Frame delta=0 num=?? state=0
probe type=8 widget=Frame delta=0 num=?? state=0
probe type=7 widget=Frame delta=0 num=?? state=0
probe type=7 widget=Frame delta=0 num=?? state=0
probe type=7 widget=Text delta=0 num=?? state=0
probe type=8 widget=Text delta=0 num=?? state=0
probe type=8 widget=Frame delta=0 num=?? state=0
probe type=7 widget=Frame delta=0 num=?? state=0
probe type=8 widget=Frame delta=0 num=?? state=0
probe type=7 widget=Frame delta=0 num=?? state=0
probe type=8 widget=Frame delta=0 num=?? state=0
probe type=7 widget=Frame delta=0 num=?? state=0
probe type=7 widget=Button delta=0 num=?? state=0
probe type=8 widget=Button delta=0 num=?? state=0
probe type=8 widget=Frame delta=0 num=?? state=0
probe type=8 widget=Frame delta=0 num=?? state=0
probe type=8 widget=Frame delta=0 num=?? state=0
probe type=8 widget=Canvas delta=0 num=?? state=0
probe type=7 widget=Canvas delta=0 num=?? state=0
probe type=7 widget=Frame delta=0 num=?? state=0
probe type=7 widget=Frame delta=0 num=?? state=0
probe type=8 widget=Frame delta=0 num=?? state=0
probe type=7 widget=Frame delta=0 num=?? state=0
probe type=7 widget=Button delta=0 num=?? state=0
probe type=8 widget=Button delta=0 num=?? state=0
probe type=8 widget=Frame delta=0 num=?? state=0
probe type=7 widget=Frame delta=0 num=?? state=0
probe type=4 widget=Frame delta=0 num=1 state=0
drag start widget=Frame y=235
probe type=4 widget=Frame delta=0 num=1 state=0
drag scroll dy=-6 steps=1 widget=Frame
drag scroll dy=-6 steps=1 widget=Frame
drag scroll dy=-7 steps=1 widget=Frame
drag scroll dy=-6 steps=1 widget=Frame
drag scroll dy=6 steps=-1 widget=Frame
drag scroll dy=6 steps=-1 widget=Frame
drag scroll dy=6 steps=-1 widget=Frame
drag scroll dy=6 steps=-1 widget=Frame
drag scroll dy=6 steps=-1 widget=Frame
probe type=5 widget=Frame delta=0 num=1 state=256
drag end widget=Frame y=241
probe type=5 widget=Frame delta=0 num=1 state=256
probe type=8 widget=Frame delta=0 num=?? state=0
probe type=7 widget=Frame delta=0 num=?? state=0
probe type=7 widget=Frame delta=0 num=?? state=0
probe type=7 widget=Text delta=0 num=?? state=0
probe type=4 widget=Text delta=0 num=1 state=0
probe type=4 widget=Text delta=0 num=1 state=0
probe type=10 widget=Canvas delta=0 num=?? state=??
probe type=9 widget=Frame delta=0 num=?? state=??
probe type=9 widget=Frame delta=0 num=?? state=??
probe type=9 widget=Frame delta=0 num=?? state=??
probe type=9 widget=Frame delta=0 num=?? state=??
probe type=9 widget=Text delta=0 num=?? state=??
probe type=5 widget=Text delta=0 num=1 state=256
probe type=5 widget=Text delta=0 num=1 state=256
probe type=4 widget=Text delta=0 num=1 state=0
probe type=4 widget=Text delta=0 num=1 state=0
probe type=5 widget=Text delta=0 num=1 state=256
probe type=5 widget=Text delta=0 num=1 state=256
probe type=8 widget=Text delta=0 num=?? state=0
probe type=8 widget=Frame delta=0 num=?? state=0
probe type=8 widget=Frame delta=0 num=?? state=0
probe type=7 widget=Frame delta=0 num=?? state=0
probe type=8 widget=Frame delta=0 num=?? state=0
probe type=7 widget=Frame delta=0 num=?? state=0
probe type=8 widget=Frame delta=0 num=?? state=0
probe type=7 widget=Frame delta=0 num=?? state=0
probe type=7 widget=Frame delta=0 num=?? state=0
probe type=8 widget=Frame delta=0 num=?? state=0
probe type=7 widget=Canvas delta=0 num=?? state=0
probe type=8 widget=Canvas delta=0 num=?? state=0
probe type=7 widget=Frame delta=0 num=?? state=0
probe type=8 widget=Frame delta=0 num=?? state=0
probe type=8 widget=Frame delta=0 num=?? state=0
probe type=7 widget=Frame delta=0 num=?? state=0
probe type=8 widget=Frame delta=0 num=?? state=0
probe type=7 widget=Frame delta=0 num=?? state=0
probe type=7 widget=Frame delta=0 num=?? state=0
probe type=7 widget=Text delta=0 num=?? state=0
probe type=8 widget=Text delta=0 num=?? state=0
probe type=8 widget=Frame delta=0 num=?? state=0
probe type=7 widget=Frame delta=0 num=?? state=0
probe type=8 widget=Frame delta=0 num=?? state=0
probe type=7 widget=Frame delta=0 num=?? state=0
probe type=4 widget=Frame delta=0 num=1 state=0
drag start widget=Frame y=254
probe type=4 widget=Frame delta=0 num=1 state=0
drag scroll dy=-6 steps=1 widget=Frame
drag scroll dy=-6 steps=1 widget=Frame
drag scroll dy=-6 steps=1 widget=Frame
drag scroll dy=-6 steps=1 widget=Frame
drag scroll dy=-6 steps=1 widget=Frame
drag scroll dy=-6 steps=1 widget=Frame
drag scroll dy=-7 steps=1 widget=Frame
drag scroll dy=-6 steps=1 widget=Frame
drag scroll dy=-6 steps=1 widget=Frame
drag scroll dy=-6 steps=1 widget=Frame
probe type=8 widget=Frame delta=0 num=?? state=256
probe type=5 widget=Frame delta=0 num=1 state=256
drag end widget=Frame y=191
probe type=5 widget=Frame delta=0 num=1 state=256
probe type=8 widget=Frame delta=0 num=?? state=0
probe type=7 widget=Frame delta=0 num=?? state=0
probe type=7 widget=Frame delta=0 num=?? state=0
probe type=7 widget=Frame delta=0 num=?? state=0
probe type=7 widget=Text delta=0 num=?? state=0
probe type=8 widget=Text delta=0 num=?? state=0
probe type=8 widget=Frame delta=0 num=?? state=0
probe type=7 widget=Label delta=0 num=?? state=0
probe type=8 widget=Label delta=0 num=?? state=0
probe type=7 widget=Frame delta=0 num=?? state=0
probe type=8 widget=Frame delta=0 num=?? state=0
probe type=7 widget=Entry delta=0 num=?? state=0
probe type=8 widget=Entry delta=0 num=?? state=0
probe type=7 widget=Frame delta=0 num=?? state=0
probe type=8 widget=Frame delta=0 num=?? state=0
probe type=7 widget=Label delta=0 num=?? state=0
probe type=8 widget=Label delta=0 num=?? state=0
probe type=7 widget=Frame delta=0 num=?? state=0
probe type=8 widget=Frame delta=0 num=?? state=0
probe type=7 widget=Frame delta=0 num=?? state=0
probe type=8 widget=Frame delta=0 num=?? state=0
probe type=7 widget=Frame delta=0 num=?? state=0
probe type=8 widget=Frame delta=0 num=?? state=0
probe type=7 widget=Frame delta=0 num=?? state=0
probe type=7 widget=Frame delta=0 num=?? state=0
probe type=7 widget=Canvas delta=0 num=?? state=0
probe type=8 widget=Canvas delta=0 num=?? state=0
probe type=8 widget=Frame delta=0 num=?? state=0
probe type=8 widget=Frame delta=0 num=?? state=0
probe type=7 widget=Frame delta=0 num=?? state=0
probe type=8 widget=Frame delta=0 num=?? state=0
probe type=7 widget=Frame delta=0 num=?? state=0
probe type=7 widget=Label delta=0 num=?? state=0
probe type=8 widget=Label delta=0 num=?? state=0
probe type=7 widget=Frame delta=0 num=?? state=0
probe type=7 widget=Text delta=0 num=?? state=0
probe type=8 widget=Text delta=0 num=?? state=0
probe type=8 widget=Frame delta=0 num=?? state=0
probe type=7 widget=Frame delta=0 num=?? state=0
probe type=8 widget=Frame delta=0 num=?? state=0
probe type=7 widget=Entry delta=0 num=?? state=0
probe type=8 widget=Entry delta=0 num=?? state=0
probe type=7 widget=Frame delta=0 num=?? state=0
probe type=4 widget=Frame delta=0 num=1 state=0
drag start widget=Frame y=60
probe type=4 widget=Frame delta=0 num=1 state=0
drag scroll dy=-6 steps=1 widget=Frame
drag scroll dy=-6 steps=1 widget=Frame
drag scroll dy=-6 steps=1 widget=Frame
drag scroll dy=-6 steps=1 widget=Frame
probe type=5 widget=Frame delta=0 num=1 state=256
drag end widget=Frame y=36
probe type=5 widget=Frame delta=0 num=1 state=256
probe type=8 widget=Frame delta=0 num=?? state=0
probe type=7 widget=Frame delta=0 num=?? state=0
probe type=7 widget=Text delta=0 num=?? state=0
probe type=8 widget=Text delta=0 num=?? state=0
probe type=8 widget=Frame delta=0 num=?? state=0
probe type=7 widget=Frame delta=0 num=?? state=0
probe type=8 widget=Frame delta=0 num=?? state=0
probe type=7 widget=Frame delta=0 num=?? state=0
probe type=8 widget=Frame delta=0 num=?? state=0
probe type=7 widget=Frame delta=0 num=?? state=0
probe type=7 widget=Button delta=0 num=?? state=0
probe type=8 widget=Button delta=0 num=?? state=0
probe type=7 widget=Frame delta=0 num=?? state=0
probe type=8 widget=Frame delta=0 num=?? state=0
probe type=7 widget=Button delta=0 num=?? state=0
probe type=8 widget=Button delta=0 num=?? state=0
probe type=7 widget=Frame delta=0 num=?? state=0
probe type=8 widget=Frame delta=0 num=?? state=0
probe type=7 widget=Button delta=0 num=?? state=0
probe type=8 widget=Button delta=0 num=?? state=0
probe type=7 widget=Frame delta=0 num=?? state=0
probe type=8 widget=Frame delta=0 num=?? state=0
probe type=7 widget=Button delta=0 num=?? state=0
probe type=4 widget=Button delta=0 num=1 state=0
probe type=4 widget=Button delta=0 num=1 state=0
probe type=5 widget=Button delta=0 num=1 state=256
probe type=5 widget=Button delta=0 num=1 state=256
probe type=8 widget=Button delta=0 num=?? state=0
probe type=8 widget=Frame delta=0 num=?? state=0
probe type=7 widget=Frame delta=0 num=?? state=0
probe type=8 widget=Frame delta=0 num=?? state=0
probe type=7 widget=Frame delta=0 num=?? state=0
probe type=7 widget=Text delta=0 num=?? state=0
probe type=8 widget=Text delta=0 num=?? state=0
probe type=8 widget=Frame delta=0 num=?? state=0
probe type=7 widget=Frame delta=0 num=?? state=0
probe type=8 widget=Frame delta=0 num=?? state=0
probe type=7 widget=Frame delta=0 num=?? state=0
probe type=8 widget=Frame delta=0 num=?? state=0
probe type=7 widget=Frame delta=0 num=?? state=0
probe type=8 widget=Frame delta=0 num=?? state=0
probe type=7 widget=Frame delta=0 num=?? state=0
probe type=7 widget=Text delta=0 num=?? state=0
probe type=4 widget=Text delta=0 num=1 state=0
probe type=4 widget=Text delta=0 num=1 state=0
probe type=10 widget=Text delta=0 num=?? state=??
probe type=10 widget=Frame delta=0 num=?? state=??
probe type=10 widget=Frame delta=0 num=?? state=??
probe type=10 widget=Frame delta=0 num=?? state=??
probe type=9 widget=Frame delta=0 num=?? state=??
probe type=9 widget=Frame delta=0 num=?? state=??
probe type=9 widget=Text delta=0 num=?? state=??
probe type=5 widget=Text delta=0 num=1 state=256
probe type=5 widget=Text delta=0 num=1 state=256
probe type=8 widget=Text delta=0 num=?? state=0
probe type=8 widget=Frame delta=0 num=?? state=0
probe type=7 widget=Frame delta=0 num=?? state=0
probe type=8 widget=Frame delta=0 num=?? state=0
probe type=7 widget=Frame delta=0 num=?? state=0
probe type=7 widget=Button delta=0 num=?? state=0
probe type=8 widget=Button delta=0 num=?? state=0
probe type=7 widget=Frame delta=0 num=?? state=0
probe type=8 widget=Frame delta=0 num=?? state=0
probe type=7 widget=Button delta=0 num=?? state=0
probe type=4 widget=Button delta=0 num=1 state=0
probe type=4 widget=Button delta=0 num=1 state=0
probe type=5 widget=Button delta=0 num=1 state=256
probe type=5 widget=Button delta=0 num=1 state=256
probe type=8 widget=Button delta=0 num=?? state=0
probe type=8 widget=Frame delta=0 num=?? state=0
probe type=7 widget=Frame delta=0 num=?? state=0
probe type=8 widget=Frame delta=0 num=?? state=0
probe type=7 widget=Frame delta=0 num=?? state=0
probe type=8 widget=Frame delta=0 num=?? state=0
probe type=7 widget=Frame delta=0 num=?? state=0
probe type=8 widget=Frame delta=0 num=?? state=0
probe type=7 widget=Frame delta=0 num=?? state=0
probe type=7 widget=Frame delta=0 num=?? state=0
probe type=7 widget=Canvas delta=0 num=?? state=0
probe type=8 widget=Canvas delta=0 num=?? state=0
probe type=7 widget=Frame delta=0 num=?? state=0
probe type=8 widget=Frame delta=0 num=?? state=0
probe type=8 widget=Frame delta=0 num=?? state=0
probe type=7 widget=Frame delta=0 num=?? state=0
probe type=8 widget=Frame delta=0 num=?? state=0
probe type=7 widget=Frame delta=0 num=?? state=0
probe type=8 widget=Frame delta=0 num=?? state=0
probe type=7 widget=Frame delta=0 num=?? state=0
probe type=7 widget=Scrollbar delta=0 num=?? state=0
probe type=8 widget=Scrollbar delta=0 num=?? state=0
probe type=8 widget=Frame delta=0 num=?? state=0
probe type=7 widget=Frame delta=0 num=?? state=0
probe type=4 widget=Frame delta=0 num=1 state=0
drag start widget=Frame y=236
probe type=4 widget=Frame delta=0 num=1 state=0
drag scroll dy=-6 steps=1 widget=Frame
drag scroll dy=-7 steps=1 widget=Frame
drag scroll dy=-6 steps=1 widget=Frame
drag scroll dy=-6 steps=1 widget=Frame
drag scroll dy=-7 steps=1 widget=Frame
drag scroll dy=-6 steps=1 widget=Frame
drag scroll dy=-6 steps=1 widget=Frame
drag scroll dy=-6 steps=1 widget=Frame
probe type=8 widget=Frame delta=0 num=?? state=256
probe type=5 widget=Frame delta=0 num=1 state=256
drag end widget=Frame y=183
probe type=5 widget=Frame delta=0 num=1 state=256
probe type=8 widget=Frame delta=0 num=?? state=0
probe type=7 widget=Frame delta=0 num=?? state=0
probe type=7 widget=Frame delta=0 num=?? state=0
probe type=7 widget=Frame delta=0 num=?? state=0
probe type=7 widget=Text delta=0 num=?? state=0
probe type=8 widget=Text delta=0 num=?? state=0
probe type=8 widget=Frame delta=0 num=?? state=0
probe type=7 widget=Frame delta=0 num=?? state=0
probe type=8 widget=Frame delta=0 num=?? state=0
probe type=7 widget=Frame delta=0 num=?? state=0
probe type=8 widget=Frame delta=0 num=?? state=0
probe type=7 widget=Frame delta=0 num=?? state=0
probe type=8 widget=Frame delta=0 num=?? state=0
probe type=7 widget=Frame delta=0 num=?? state=0
probe type=7 widget=Frame delta=0 num=?? state=0
probe type=8 widget=Frame delta=0 num=?? state=0
probe type=7 widget=Canvas delta=0 num=?? state=0
probe type=4 widget=Canvas delta=0 num=1 state=0
drag start widget=Canvas y=217
probe type=4 widget=Canvas delta=0 num=1 state=0
drag scroll dy=-6 steps=1 widget=Canvas
drag scroll dy=-6 steps=1 widget=Canvas
drag scroll dy=-6 steps=1 widget=Canvas
drag scroll dy=-7 steps=1 widget=Canvas
drag scroll dy=-6 steps=1 widget=Canvas
drag scroll dy=-6 steps=1 widget=Canvas
drag scroll dy=-6 steps=1 widget=Canvas
drag scroll dy=-6 steps=1 widget=Canvas
drag scroll dy=-6 steps=1 widget=Canvas
drag scroll dy=-6 steps=1 widget=Canvas
drag scroll dy=-6 steps=1 widget=Canvas
drag scroll dy=-7 steps=1 widget=Canvas
drag scroll dy=-6 steps=1 widget=Canvas
drag scroll dy=-6 steps=1 widget=Canvas
probe type=8 widget=Canvas delta=0 num=?? state=256
probe type=5 widget=Canvas delta=0 num=1 state=256
drag end widget=Canvas y=130
probe type=5 widget=Canvas delta=0 num=1 state=256
probe type=8 widget=Canvas delta=0 num=?? state=0
probe type=8 widget=Frame delta=0 num=?? state=0
probe type=8 widget=Frame delta=0 num=?? state=0
probe type=8 widget=Frame delta=0 num=?? state=0
probe type=8 widget=Frame delta=0 num=?? state=0
probe type=7 widget=Frame delta=0 num=?? state=0
probe type=7 widget=Frame delta=0 num=?? state=0
probe type=7 widget=Frame delta=0 num=?? state=0
probe type=7 widget=Frame delta=0 num=?? state=0
probe type=7 widget=Canvas delta=0 num=?? state=0
probe type=8 widget=Canvas delta=0 num=?? state=0
probe type=8 widget=Frame delta=0 num=?? state=0
probe type=8 widget=Frame delta=0 num=?? state=0
probe type=7 widget=Frame delta=0 num=?? state=0
probe type=8 widget=Frame delta=0 num=?? state=0
probe type=7 widget=Frame delta=0 num=?? state=0
probe type=8 widget=Frame delta=0 num=?? state=0
probe type=7 widget=Frame delta=0 num=?? state=0
probe type=8 widget=Frame delta=0 num=?? state=0
probe type=7 widget=Frame delta=0 num=?? state=0
probe type=7 widget=Text delta=0 num=?? state=0
probe type=8 widget=Text delta=0 num=?? state=0
probe type=8 widget=Frame delta=0 num=?? state=0
probe type=8 widget=Frame delta=0 num=?? state=0
probe type=7 widget=Frame delta=0 num=?? state=0
probe type=8 widget=Frame delta=0 num=?? state=0
probe type=7 widget=Frame delta=0 num=?? state=0
probe type=4 widget=Frame delta=0 num=1 state=0
drag start widget=Frame y=335
probe type=4 widget=Frame delta=0 num=1 state=0
drag scroll dy=-6 steps=1 widget=Frame
drag scroll dy=-6 steps=1 widget=Frame
drag scroll dy=-6 steps=1 widget=Frame
probe type=5 widget=Frame delta=0 num=1 state=256
drag end widget=Frame y=313
probe type=5 widget=Frame delta=0 num=1 state=256
probe type=8 widget=Frame delta=0 num=?? state=0
probe type=7 widget=Frame delta=0 num=?? state=0
probe type=7 widget=Text delta=0 num=?? state=0
probe type=4 widget=Text delta=0 num=1 state=0
probe type=4 widget=Text delta=0 num=1 state=0
probe type=10 widget=Text delta=0 num=?? state=??
probe type=10 widget=Frame delta=0 num=?? state=??
probe type=10 widget=Frame delta=0 num=?? state=??
probe type=9 widget=Frame delta=0 num=?? state=??
probe type=9 widget=Frame delta=0 num=?? state=??
probe type=9 widget=Text delta=0 num=?? state=??
probe type=5 widget=Text delta=0 num=1 state=256
probe type=5 widget=Text delta=0 num=1 state=256
probe type=8 widget=Text delta=0 num=?? state=0
probe type=7 widget=Scrollbar delta=0 num=?? state=0
probe type=8 widget=Scrollbar delta=0 num=?? state=0
probe type=8 widget=Frame delta=0 num=?? state=0
probe type=7 widget=Frame delta=0 num=?? state=0
probe type=4 widget=Frame delta=0 num=1 state=0
drag start widget=Frame y=270
probe type=4 widget=Frame delta=0 num=1 state=0
drag scroll dy=-6 steps=1 widget=Frame
drag scroll dy=-7 steps=1 widget=Frame
drag scroll dy=-7 steps=1 widget=Frame
drag scroll dy=-8 steps=1 widget=Frame
drag scroll dy=-6 steps=1 widget=Frame
drag scroll dy=-6 steps=1 widget=Frame
probe type=8 widget=Frame delta=0 num=?? state=256
probe type=5 widget=Frame delta=0 num=1 state=256
drag end widget=Frame y=226
probe type=5 widget=Frame delta=0 num=1 state=256
probe type=8 widget=Frame delta=0 num=?? state=0
probe type=7 widget=Frame delta=0 num=?? state=0
probe type=7 widget=Frame delta=0 num=?? state=0
probe type=8 widget=Frame delta=0 num=?? state=0
probe type=7 widget=Entry delta=0 num=?? state=0
probe type=8 widget=Entry delta=0 num=?? state=0
probe type=7 widget=Frame delta=0 num=?? state=0
probe type=8 widget=Frame delta=0 num=?? state=0
probe type=8 widget=Frame delta=0 num=?? state=0
probe type=8 widget=Frame delta=0 num=?? state=0
probe type=8 widget=Canvas delta=0 num=?? state=0
probe type=10 widget=Text delta=0 num=?? state=??
probe type=10 widget=Frame delta=0 num=?? state=??
probe type=10 widget=Frame delta=0 num=?? state=??
probe type=10 widget=Frame delta=0 num=?? state=??
probe type=10 widget=Canvas delta=0 num=?? state=??
probe type=9 widget=Canvas delta=0 num=?? state=??
probe type=9 widget=Frame delta=0 num=?? state=??
probe type=9 widget=Frame delta=0 num=?? state=??
probe type=9 widget=Frame delta=0 num=?? state=??
probe type=9 widget=Text delta=0 num=?? state=??
probe type=7 widget=Canvas delta=0 num=?? state=0
probe type=10 widget=Text delta=0 num=?? state=??
probe type=10 widget=Frame delta=0 num=?? state=??
probe type=10 widget=Frame delta=0 num=?? state=??
probe type=10 widget=Frame delta=0 num=?? state=??
probe type=9 widget=Canvas delta=0 num=?? state=??
probe type=7 widget=Frame delta=0 num=?? state=0
probe type=7 widget=Frame delta=0 num=?? state=0
probe type=7 widget=Frame delta=0 num=?? state=0
probe type=8 widget=Frame delta=0 num=?? state=0
probe type=8 widget=Frame delta=0 num=?? state=0
probe type=7 widget=Frame delta=0 num=?? state=0
probe type=8 widget=Frame delta=0 num=?? state=0
probe type=8 widget=Frame delta=0 num=?? state=0
probe type=8 widget=Canvas delta=0 num=?? state=0
probe type=4 widget=Button delta=0 num=1 state=0
probe type=5 widget=Button delta=0 num=1 state=256
probe type=7 widget=Canvas delta=0 num=?? state=0
probe type=7 widget=Frame delta=0 num=?? state=0
probe type=7 widget=Frame delta=0 num=?? state=0
probe type=4 widget=Frame delta=0 num=1 state=0
drag start widget=Frame y=-22
probe type=4 widget=Frame delta=0 num=1 state=0
probe type=5 widget=Frame delta=0 num=1 state=256
drag end widget=Frame y=-22
probe type=5 widget=Frame delta=0 num=1 state=256
probe type=4 widget=Frame delta=0 num=1 state=0
drag start widget=Frame y=-17
probe type=4 widget=Frame delta=0 num=1 state=0
drag scroll dy=7 steps=-1 widget=Frame
drag scroll dy=7 steps=-1 widget=Frame
drag scroll dy=6 steps=-1 widget=Frame
drag scroll dy=13 steps=-2 widget=Frame
drag scroll dy=10 steps=-1 widget=Frame
drag scroll dy=10 steps=-1 widget=Frame
drag scroll dy=13 steps=-2 widget=Frame
drag scroll dy=10 steps=-1 widget=Frame
drag scroll dy=7 steps=-1 widget=Frame
drag scroll dy=11 steps=-1 widget=Frame
drag scroll dy=6 steps=-1 widget=Frame
drag scroll dy=6 steps=-1 widget=Frame
drag scroll dy=6 steps=-1 widget=Frame
drag scroll dy=6 steps=-1 widget=Frame
drag scroll dy=7 steps=-1 widget=Frame
drag scroll dy=9 steps=-1 widget=Frame
drag scroll dy=7 steps=-1 widget=Frame
drag scroll dy=8 steps=-1 widget=Frame
drag scroll dy=6 steps=-1 widget=Frame
drag scroll dy=8 steps=-1 widget=Frame
drag scroll dy=8 steps=-1 widget=Frame
drag scroll dy=12 steps=-2 widget=Frame
drag scroll dy=7 steps=-1 widget=Frame
drag scroll dy=7 steps=-1 widget=Frame
drag scroll dy=8 steps=-1 widget=Frame
drag scroll dy=8 steps=-1 widget=Frame
drag scroll dy=6 steps=-1 widget=Frame
drag scroll dy=6 steps=-1 widget=Frame
drag scroll dy=7 steps=-1 widget=Frame
drag scroll dy=6 steps=-1 widget=Frame
drag scroll dy=12 steps=-2 widget=Frame
drag scroll dy=6 steps=-1 widget=Frame
drag scroll dy=7 steps=-1 widget=Frame
drag scroll dy=6 steps=-1 widget=Frame
drag scroll dy=7 steps=-1 widget=Frame
drag scroll dy=6 steps=-1 widget=Frame
drag scroll dy=11 steps=-1 widget=Frame
drag scroll dy=8 steps=-1 widget=Frame
drag scroll dy=6 steps=-1 widget=Frame
drag scroll dy=8 steps=-1 widget=Frame
drag scroll dy=9 steps=-1 widget=Frame
drag scroll dy=9 steps=-1 widget=Frame
drag scroll dy=8 steps=-1 widget=Frame
drag scroll dy=10 steps=-1 widget=Frame
drag scroll dy=6 steps=-1 widget=Frame
drag scroll dy=12 steps=-2 widget=Frame
drag scroll dy=11 steps=-1 widget=Frame
drag scroll dy=6 steps=-1 widget=Frame
drag scroll dy=6 steps=-1 widget=Frame
probe type=8 widget=Frame delta=0 num=?? state=256
probe type=5 widget=Frame delta=0 num=1 state=256
drag end widget=Frame y=373
probe type=5 widget=Frame delta=0 num=1 state=256
probe type=8 widget=Frame delta=0 num=?? state=0
probe type=7 widget=Frame delta=0 num=?? state=0
probe type=8 widget=Frame delta=0 num=?? state=0
probe type=7 widget=Frame delta=0 num=?? state=0
probe type=8 widget=Frame delta=0 num=?? state=0
probe type=7 widget=Frame delta=0 num=?? state=0
probe type=7 widget=Frame delta=0 num=?? state=0
probe type=8 widget=Frame delta=0 num=?? state=0
probe type=7 widget=Frame delta=0 num=?? state=0
probe type=4 widget=Frame delta=0 num=1 state=0
drag start widget=Frame y=104
probe type=4 widget=Frame delta=0 num=1 state=0
drag scroll dy=9 steps=-1 widget=Frame
drag scroll dy=10 steps=-1 widget=Frame
drag scroll dy=7 steps=-1 widget=Frame
drag scroll dy=6 steps=-1 widget=Frame
drag scroll dy=6 steps=-1 widget=Frame
drag scroll dy=8 steps=-1 widget=Frame
drag scroll dy=8 steps=-1 widget=Frame
drag scroll dy=8 steps=-1 widget=Frame
drag scroll dy=6 steps=-1 widget=Frame
drag scroll dy=8 steps=-1 widget=Frame
drag scroll dy=6 steps=-1 widget=Frame
drag scroll dy=8 steps=-1 widget=Frame
drag scroll dy=8 steps=-1 widget=Frame
drag scroll dy=7 steps=-1 widget=Frame
drag scroll dy=7 steps=-1 widget=Frame
drag scroll dy=6 steps=-1 widget=Frame
drag scroll dy=-9 steps=1 widget=Frame
drag scroll dy=-11 steps=1 widget=Frame
drag scroll dy=-8 steps=1 widget=Frame
drag scroll dy=-8 steps=1 widget=Frame
drag scroll dy=-10 steps=1 widget=Frame
drag scroll dy=-10 steps=1 widget=Frame
drag scroll dy=-11 steps=1 widget=Frame
drag scroll dy=-6 steps=1 widget=Frame
drag scroll dy=-11 steps=1 widget=Frame
drag scroll dy=-9 steps=1 widget=Frame
drag scroll dy=-8 steps=1 widget=Frame
drag scroll dy=-11 steps=1 widget=Frame
drag scroll dy=-7 steps=1 widget=Frame
drag scroll dy=-7 steps=1 widget=Frame
drag scroll dy=-6 steps=1 widget=Frame
drag scroll dy=-6 steps=1 widget=Frame
drag scroll dy=-6 steps=1 widget=Frame
drag scroll dy=-6 steps=1 widget=Frame
drag scroll dy=-6 steps=1 widget=Frame
drag scroll dy=-6 steps=1 widget=Frame
drag scroll dy=-6 steps=1 widget=Frame
drag scroll dy=-6 steps=1 widget=Frame
drag scroll dy=-6 steps=1 widget=Frame
drag scroll dy=-6 steps=1 widget=Frame
drag scroll dy=-8 steps=1 widget=Frame
drag scroll dy=-6 steps=1 widget=Frame
drag scroll dy=-6 steps=1 widget=Frame
drag scroll dy=-6 steps=1 widget=Frame
drag scroll dy=-6 steps=1 widget=Frame
drag scroll dy=-6 steps=1 widget=Frame
drag scroll dy=-6 steps=1 widget=Frame
drag scroll dy=-6 steps=1 widget=Frame
drag scroll dy=-6 steps=1 widget=Frame
drag scroll dy=-6 steps=1 widget=Frame
drag scroll dy=-6 steps=1 widget=Frame
drag scroll dy=-6 steps=1 widget=Frame
drag scroll dy=-6 steps=1 widget=Frame
drag scroll dy=-7 steps=1 widget=Frame
drag scroll dy=-6 steps=1 widget=Frame
drag scroll dy=-6 steps=1 widget=Frame
drag scroll dy=-6 steps=1 widget=Frame
drag scroll dy=-6 steps=1 widget=Frame
drag scroll dy=-6 steps=1 widget=Frame
drag scroll dy=-6 steps=1 widget=Frame
drag scroll dy=-6 steps=1 widget=Frame
drag scroll dy=-8 steps=1 widget=Frame
drag scroll dy=-7 steps=1 widget=Frame
drag scroll dy=-6 steps=1 widget=Frame
probe type=8 widget=Frame delta=0 num=?? state=256
probe type=5 widget=Frame delta=0 num=1 state=256
drag end widget=Frame y=-114
probe type=5 widget=Frame delta=0 num=1 state=256
probe type=8 widget=Frame delta=0 num=?? state=0
probe type=8 widget=Frame delta=0 num=?? state=0
probe type=8 widget=Canvas delta=0 num=?? state=0
probe type=7 widget=Canvas delta=0 num=?? state=0
probe type=7 widget=Frame delta=0 num=?? state=0
probe type=7 widget=Frame delta=0 num=?? state=0
probe type=8 widget=Frame delta=0 num=?? state=0
probe type=7 widget=Frame delta=0 num=?? state=0
probe type=8 widget=Frame delta=0 num=?? state=0
probe type=7 widget=Frame delta=0 num=?? state=0
probe type=7 widget=Label delta=0 num=?? state=0
probe type=8 widget=Label delta=0 num=?? state=0
probe type=7 widget=Frame delta=0 num=?? state=0
probe type=8 widget=Frame delta=0 num=?? state=0
probe type=7 widget=Frame delta=0 num=?? state=0
probe type=7 widget=Frame delta=0 num=?? state=0
probe type=7 widget=Frame delta=0 num=?? state=0
probe type=7 widget=Canvas delta=0 num=?? state=0
probe type=8 widget=Canvas delta=0 num=?? state=0
probe type=7 widget=Frame delta=0 num=?? state=0
probe type=8 widget=Frame delta=0 num=?? state=0
probe type=8 widget=Frame delta=0 num=?? state=0
probe type=7 widget=Frame delta=0 num=?? state=0
probe type=8 widget=Frame delta=0 num=?? state=0
probe type=7 widget=Frame delta=0 num=?? state=0
probe type=7 widget=Text delta=0 num=?? state=0
probe type=4 widget=Text delta=0 num=1 state=0
probe type=4 widget=Text delta=0 num=1 state=0
probe type=10 widget=Canvas delta=0 num=?? state=??
probe type=9 widget=Frame delta=0 num=?? state=??
probe type=9 widget=Frame delta=0 num=?? state=??
probe type=9 widget=Frame delta=0 num=?? state=??
probe type=9 widget=Frame delta=0 num=?? state=??
probe type=9 widget=Text delta=0 num=?? state=??
probe type=5 widget=Text delta=0 num=1 state=256
probe type=5 widget=Text delta=0 num=1 state=256
probe type=8 widget=Text delta=0 num=?? state=0
probe type=8 widget=Frame delta=0 num=?? state=0
probe type=7 widget=Frame delta=0 num=?? state=0
probe type=8 widget=Frame delta=0 num=?? state=0
probe type=7 widget=Frame delta=0 num=?? state=0
probe type=7 widget=Frame delta=0 num=?? state=0
probe type=8 widget=Frame delta=0 num=?? state=0
probe type=7 widget=Canvas delta=0 num=?? state=0
probe type=8 widget=Canvas delta=0 num=?? state=0
probe type=8 widget=Frame delta=0 num=?? state=0
probe type=8 widget=Frame delta=0 num=?? state=0
probe type=7 widget=Frame delta=0 num=?? state=0
probe type=8 widget=Frame delta=0 num=?? state=0
probe type=7 widget=Frame delta=0 num=?? state=0
probe type=4 widget=Frame delta=0 num=1 state=0
drag start widget=Frame y=161
probe type=4 widget=Frame delta=0 num=1 state=0
drag scroll dy=-6 steps=1 widget=Frame
drag scroll dy=-6 steps=1 widget=Frame
drag scroll dy=-6 steps=1 widget=Frame
drag scroll dy=-6 steps=1 widget=Frame
drag scroll dy=-6 steps=1 widget=Frame
drag scroll dy=-6 steps=1 widget=Frame
drag scroll dy=-6 steps=1 widget=Frame
drag scroll dy=-6 steps=1 widget=Frame
drag scroll dy=-6 steps=1 widget=Frame
drag scroll dy=-6 steps=1 widget=Frame
drag scroll dy=-6 steps=1 widget=Frame
drag scroll dy=6 steps=-1 widget=Frame
probe type=5 widget=Frame delta=0 num=1 state=256
drag end widget=Frame y=105
probe type=5 widget=Frame delta=0 num=1 state=256
probe type=8 widget=Frame delta=0 num=?? state=0
probe type=8 widget=Frame delta=0 num=?? state=0
probe type=8 widget=Canvas delta=0 num=?? state=0
probe type=10 widget=Text delta=0 num=?? state=??
probe type=10 widget=Frame delta=0 num=?? state=??
probe type=10 widget=Frame delta=0 num=?? state=??
probe type=10 widget=Frame delta=0 num=?? state=??
probe type=10 widget=Frame delta=0 num=?? state=??
probe type=10 widget=Canvas delta=0 num=?? state=??
probe type=9 widget=Canvas delta=0 num=?? state=??
probe type=9 widget=Frame delta=0 num=?? state=??
probe type=9 widget=Frame delta=0 num=?? state=??
probe type=9 widget=Frame delta=0 num=?? state=??
probe type=9 widget=Frame delta=0 num=?? state=??
probe type=9 widget=Text delta=0 num=?? state=??
probe type=7 widget=Canvas delta=0 num=?? state=0
probe type=10 widget=Text delta=0 num=?? state=??
probe type=10 widget=Frame delta=0 num=?? state=??
probe type=10 widget=Frame delta=0 num=?? state=??
probe type=10 widget=Frame delta=0 num=?? state=??
probe type=10 widget=Frame delta=0 num=?? state=??
probe type=9 widget=Canvas delta=0 num=?? state=??
probe type=7 widget=Frame delta=0 num=?? state=0
probe type=7 widget=Frame delta=0 num=?? state=0
probe type=8 widget=Frame delta=0 num=?? state=0
probe type=7 widget=Frame delta=0 num=?? state=0
probe type=8 widget=Frame delta=0 num=?? state=0
probe type=7 widget=Frame delta=0 num=?? state=0
probe type=8 widget=Frame delta=0 num=?? state=0
probe type=7 widget=Frame delta=0 num=?? state=0
probe type=8 widget=Frame delta=0 num=?? state=0
probe type=7 widget=Frame delta=0 num=?? state=0
probe type=7 widget=Frame delta=0 num=?? state=0
probe type=8 widget=Frame delta=0 num=?? state=0
probe type=7 widget=Frame delta=0 num=?? state=0
probe type=8 widget=Frame delta=0 num=?? state=0
probe type=7 widget=Frame delta=0 num=?? state=0
probe type=8 widget=Frame delta=0 num=?? state=0
probe type=7 widget=Frame delta=0 num=?? state=0
probe type=7 widget=Text delta=0 num=?? state=0
probe type=8 widget=Text delta=0 num=?? state=0
probe type=8 widget=Frame delta=0 num=?? state=0
probe type=7 widget=Frame delta=0 num=?? state=0
probe type=8 widget=Frame delta=0 num=?? state=0
probe type=8 widget=Frame delta=0 num=?? state=0
probe type=8 widget=Canvas delta=0 num=?? state=0
probe type=4 widget=Button delta=0 num=1 state=0
probe type=5 widget=Button delta=0 num=1 state=256
probe type=7 widget=Canvas delta=0 num=?? state=0
probe type=7 widget=Frame delta=0 num=?? state=0
probe type=7 widget=Frame delta=0 num=?? state=0
probe type=8 widget=Frame delta=0 num=?? state=0
probe type=8 widget=Frame delta=0 num=?? state=0
probe type=8 widget=Canvas delta=0 num=?? state=0
probe type=10 widget=Canvas delta=0 num=?? state=??
probe type=9 widget=Canvas delta=0 num=?? state=??
probe type=7 widget=Canvas delta=0 num=?? state=0
probe type=7 widget=Frame delta=0 num=?? state=0
probe type=7 widget=Frame delta=0 num=?? state=0
probe type=7 widget=Label delta=0 num=?? state=0
probe type=8 widget=Label delta=0 num=?? state=0
probe type=8 widget=Frame delta=0 num=?? state=0
probe type=7 widget=Frame delta=0 num=?? state=0
probe type=8 widget=Frame delta=0 num=?? state=0
probe type=7 widget=Frame delta=0 num=?? state=0
probe type=8 widget=Frame delta=0 num=?? state=0
probe type=7 widget=Frame delta=0 num=?? state=0
probe type=7 widget=Text delta=0 num=?? state=0
probe type=8 widget=Text delta=0 num=?? state=0
probe type=8 widget=Frame delta=0 num=?? state=0
probe type=7 widget=Frame delta=0 num=?? state=0
probe type=8 widget=Frame delta=0 num=?? state=0
probe type=7 widget=Frame delta=0 num=?? state=0
probe type=8 widget=Frame delta=0 num=?? state=0
probe type=7 widget=Frame delta=0 num=?? state=0
probe type=7 widget=Frame delta=0 num=?? state=0
probe type=8 widget=Frame delta=0 num=?? state=0
probe type=7 widget=Frame delta=0 num=?? state=0
probe type=4 widget=Frame delta=0 num=1 state=0
drag start widget=Frame y=42
probe type=4 widget=Frame delta=0 num=1 state=0
drag scroll dy=11 steps=-1 widget=Frame
drag scroll dy=9 steps=-1 widget=Frame
drag scroll dy=9 steps=-1 widget=Frame
drag scroll dy=19 steps=-3 widget=Frame
drag scroll dy=12 steps=-2 widget=Frame
drag scroll dy=16 steps=-2 widget=Frame
drag scroll dy=14 steps=-2 widget=Frame
drag scroll dy=20 steps=-3 widget=Frame
drag scroll dy=19 steps=-3 widget=Frame
drag scroll dy=10 steps=-1 widget=Frame
drag scroll dy=15 steps=-2 widget=Frame
drag scroll dy=13 steps=-2 widget=Frame
drag scroll dy=9 steps=-1 widget=Frame
drag scroll dy=9 steps=-1 widget=Frame
drag scroll dy=13 steps=-2 widget=Frame
drag scroll dy=8 steps=-1 widget=Frame
drag scroll dy=12 steps=-2 widget=Frame
drag scroll dy=7 steps=-1 widget=Frame
drag scroll dy=10 steps=-1 widget=Frame
drag scroll dy=8 steps=-1 widget=Frame
drag scroll dy=10 steps=-1 widget=Frame
drag scroll dy=6 steps=-1 widget=Frame
drag scroll dy=6 steps=-1 widget=Frame
drag scroll dy=17 steps=-2 widget=Frame
drag scroll dy=8 steps=-1 widget=Frame
drag scroll dy=12 steps=-2 widget=Frame
drag scroll dy=10 steps=-1 widget=Frame
drag scroll dy=10 steps=-1 widget=Frame
drag scroll dy=11 steps=-1 widget=Frame
drag scroll dy=6 steps=-1 widget=Frame
drag scroll dy=7 steps=-1 widget=Frame
drag scroll dy=7 steps=-1 widget=Frame
drag scroll dy=8 steps=-1 widget=Frame
drag scroll dy=12 steps=-2 widget=Frame
drag scroll dy=10 steps=-1 widget=Frame
drag scroll dy=7 steps=-1 widget=Frame
drag scroll dy=6 steps=-1 widget=Frame
drag scroll dy=7 steps=-1 widget=Frame
drag scroll dy=10 steps=-1 widget=Frame
drag scroll dy=7 steps=-1 widget=Frame
drag scroll dy=13 steps=-2 widget=Frame
drag scroll dy=11 steps=-1 widget=Frame
drag scroll dy=10 steps=-1 widget=Frame
drag scroll dy=10 steps=-1 widget=Frame
drag scroll dy=11 steps=-1 widget=Frame
drag scroll dy=7 steps=-1 widget=Frame
drag scroll dy=10 steps=-1 widget=Frame
drag scroll dy=9 steps=-1 widget=Frame
drag scroll dy=9 steps=-1 widget=Frame
drag scroll dy=10 steps=-1 widget=Frame
drag scroll dy=11 steps=-1 widget=Frame
drag scroll dy=10 steps=-1 widget=Frame
drag scroll dy=12 steps=-2 widget=Frame
drag scroll dy=10 steps=-1 widget=Frame
drag scroll dy=10 steps=-1 widget=Frame
drag scroll dy=12 steps=-2 widget=Frame
drag scroll dy=11 steps=-1 widget=Frame
probe type=8 widget=Frame delta=0 num=?? state=256
probe type=5 widget=Frame delta=0 num=1 state=256
drag end widget=Frame y=635
probe type=5 widget=Frame delta=0 num=1 state=256
probe type=8 widget=Frame delta=0 num=?? state=0
probe type=8 widget=Frame delta=0 num=?? state=0
probe type=8 widget=Canvas delta=0 num=?? state=0
probe type=7 widget=Canvas delta=0 num=?? state=0
probe type=7 widget=Frame delta=0 num=?? state=0
probe type=7 widget=Frame delta=0 num=?? state=0
probe type=8 widget=Frame delta=0 num=?? state=0
probe type=7 widget=Frame delta=0 num=?? state=0
probe type=7 widget=Scrollbar delta=0 num=?? state=0
probe type=8 widget=Scrollbar delta=0 num=?? state=0
probe type=7 widget=Text delta=0 num=?? state=0
probe type=8 widget=Text delta=0 num=?? state=0
probe type=8 widget=Frame delta=0 num=?? state=0
probe type=7 widget=Frame delta=0 num=?? state=0
probe type=8 widget=Frame delta=0 num=?? state=0
probe type=7 widget=Frame delta=0 num=?? state=0
probe type=8 widget=Frame delta=0 num=?? state=0
probe type=7 widget=Frame delta=0 num=?? state=0
probe type=4 widget=Frame delta=0 num=1 state=0
drag start widget=Frame y=322
probe type=4 widget=Frame delta=0 num=1 state=0
drag scroll dy=-6 steps=1 widget=Frame
drag scroll dy=-6 steps=1 widget=Frame
drag scroll dy=-7 steps=1 widget=Frame
drag scroll dy=-6 steps=1 widget=Frame
drag scroll dy=-9 steps=1 widget=Frame
drag scroll dy=-11 steps=1 widget=Frame
drag scroll dy=-9 steps=1 widget=Frame
drag scroll dy=-8 steps=1 widget=Frame
drag scroll dy=-8 steps=1 widget=Frame
drag scroll dy=-7 steps=1 widget=Frame
drag scroll dy=-6 steps=1 widget=Frame
drag scroll dy=8 steps=-1 widget=Frame
drag scroll dy=-6 steps=1 widget=Frame
probe type=8 widget=Frame delta=0 num=?? state=256
probe type=5 widget=Frame delta=0 num=1 state=256
drag end widget=Frame y=239
probe type=5 widget=Frame delta=0 num=1 state=256
probe type=8 widget=Frame delta=0 num=?? state=0
probe type=7 widget=Frame delta=0 num=?? state=0
probe type=7 widget=Frame delta=0 num=?? state=0
probe type=7 widget=Frame delta=0 num=?? state=0
probe type=7 widget=Text delta=0 num=?? state=0
probe type=4 widget=Text delta=0 num=1 state=0
probe type=4 widget=Text delta=0 num=1 state=0
probe type=10 widget=Canvas delta=0 num=?? state=??
probe type=9 widget=Frame delta=0 num=?? state=??
probe type=9 widget=Frame delta=0 num=?? state=??
probe type=9 widget=Frame delta=0 num=?? state=??
probe type=9 widget=Frame delta=0 num=?? state=??
probe type=9 widget=Text delta=0 num=?? state=??
probe type=5 widget=Text delta=0 num=1 state=256
probe type=5 widget=Text delta=0 num=1 state=256
probe type=8 widget=Text delta=0 num=?? state=0
probe type=8 widget=Frame delta=0 num=?? state=0
probe type=7 widget=Frame delta=0 num=?? state=0
probe type=8 widget=Frame delta=0 num=?? state=0
probe type=7 widget=Frame delta=0 num=?? state=0
probe type=8 widget=Frame delta=0 num=?? state=0
probe type=7 widget=Frame delta=0 num=?? state=0
probe type=8 widget=Frame delta=0 num=?? state=0
probe type=7 widget=Frame delta=0 num=?? state=0
probe type=4 widget=Frame delta=0 num=1 state=0
drag start widget=Frame y=350
probe type=4 widget=Frame delta=0 num=1 state=0
drag scroll dy=-7 steps=1 widget=Frame
drag scroll dy=-7 steps=1 widget=Frame
drag scroll dy=-9 steps=1 widget=Frame
drag scroll dy=-10 steps=1 widget=Frame
drag scroll dy=-10 steps=1 widget=Frame
drag scroll dy=-8 steps=1 widget=Frame
drag scroll dy=-7 steps=1 widget=Frame
drag scroll dy=-9 steps=1 widget=Frame
drag scroll dy=-7 steps=1 widget=Frame
drag scroll dy=-6 steps=1 widget=Frame
drag scroll dy=-7 steps=1 widget=Frame
drag scroll dy=-7 steps=1 widget=Frame
drag scroll dy=-6 steps=1 widget=Frame
drag scroll dy=-7 steps=1 widget=Frame
probe type=8 widget=Frame delta=0 num=?? state=256
probe type=5 widget=Frame delta=0 num=1 state=256
drag end widget=Frame y=242
probe type=5 widget=Frame delta=0 num=1 state=256
probe type=8 widget=Frame delta=0 num=?? state=0
probe type=7 widget=Frame delta=0 num=?? state=0
probe type=7 widget=Frame delta=0 num=?? state=0
probe type=8 widget=Frame delta=0 num=?? state=0
probe type=7 widget=Frame delta=0 num=?? state=0
probe type=8 widget=Frame delta=0 num=?? state=0
probe type=7 widget=Frame delta=0 num=?? state=0
probe type=7 widget=Scrollbar delta=0 num=?? state=0
probe type=8 widget=Scrollbar delta=0 num=?? state=0
probe type=8 widget=Frame delta=0 num=?? state=0
probe type=7 widget=Frame delta=0 num=?? state=0
probe type=4 widget=Frame delta=0 num=1 state=0
drag start widget=Frame y=338
probe type=4 widget=Frame delta=0 num=1 state=0
drag scroll dy=-8 steps=1 widget=Frame
drag scroll dy=-6 steps=1 widget=Frame
drag scroll dy=-6 steps=1 widget=Frame
drag scroll dy=-7 steps=1 widget=Frame
drag scroll dy=-6 steps=1 widget=Frame
drag scroll dy=-6 steps=1 widget=Frame
drag scroll dy=-6 steps=1 widget=Frame
drag scroll dy=-6 steps=1 widget=Frame
drag scroll dy=-6 steps=1 widget=Frame
drag scroll dy=-7 steps=1 widget=Frame
drag scroll dy=-7 steps=1 widget=Frame
drag scroll dy=-6 steps=1 widget=Frame
drag scroll dy=-6 steps=1 widget=Frame
probe type=8 widget=Frame delta=0 num=?? state=256
probe type=5 widget=Frame delta=0 num=1 state=256
drag end widget=Frame y=252
probe type=5 widget=Frame delta=0 num=1 state=256
probe type=8 widget=Frame delta=0 num=?? state=0
probe type=7 widget=Frame delta=0 num=?? state=0
probe type=7 widget=Frame delta=0 num=?? state=0
probe type=8 widget=Frame delta=0 num=?? state=0
probe type=7 widget=Frame delta=0 num=?? state=0
probe type=8 widget=Frame delta=0 num=?? state=0
probe type=7 widget=Frame delta=0 num=?? state=0
probe type=7 widget=Scrollbar delta=0 num=?? state=0
probe type=8 widget=Scrollbar delta=0 num=?? state=0
probe type=8 widget=Frame delta=0 num=?? state=0
probe type=7 widget=Frame delta=0 num=?? state=0
probe type=4 widget=Frame delta=0 num=1 state=0
drag start widget=Frame y=355
probe type=4 widget=Frame delta=0 num=1 state=0
drag scroll dy=-6 steps=1 widget=Frame
drag scroll dy=-6 steps=1 widget=Frame
drag scroll dy=-6 steps=1 widget=Frame
drag scroll dy=-7 steps=1 widget=Frame
drag scroll dy=-8 steps=1 widget=Frame
drag scroll dy=-6 steps=1 widget=Frame
drag scroll dy=-8 steps=1 widget=Frame
drag scroll dy=-9 steps=1 widget=Frame
drag scroll dy=-7 steps=1 widget=Frame
drag scroll dy=-7 steps=1 widget=Frame
drag scroll dy=-6 steps=1 widget=Frame
drag scroll dy=-6 steps=1 widget=Frame
probe type=8 widget=Frame delta=0 num=?? state=256
probe type=5 widget=Frame delta=0 num=1 state=256
drag end widget=Frame y=270
probe type=5 widget=Frame delta=0 num=1 state=256
probe type=8 widget=Frame delta=0 num=?? state=0
probe type=7 widget=Frame delta=0 num=?? state=0
probe type=7 widget=Frame delta=0 num=?? state=0
probe type=7 widget=Frame delta=0 num=?? state=0
probe type=7 widget=Text delta=0 num=?? state=0
probe type=8 widget=Text delta=0 num=?? state=0
probe type=8 widget=Frame delta=0 num=?? state=0
probe type=7 widget=Frame delta=0 num=?? state=0
probe type=8 widget=Frame delta=0 num=?? state=0
probe type=7 widget=Frame delta=0 num=?? state=0
probe type=4 widget=Frame delta=0 num=1 state=0
drag start widget=Frame y=349
probe type=4 widget=Frame delta=0 num=1 state=0
drag scroll dy=-7 steps=1 widget=Frame
drag scroll dy=-6 steps=1 widget=Frame
drag scroll dy=-10 steps=1 widget=Frame
drag scroll dy=-6 steps=1 widget=Frame
drag scroll dy=-6 steps=1 widget=Frame
drag scroll dy=-10 steps=1 widget=Frame
drag scroll dy=-7 steps=1 widget=Frame
drag scroll dy=-8 steps=1 widget=Frame
drag scroll dy=-8 steps=1 widget=Frame
drag scroll dy=-6 steps=1 widget=Frame
drag scroll dy=-6 steps=1 widget=Frame
probe type=8 widget=Frame delta=0 num=?? state=256
probe type=5 widget=Frame delta=0 num=1 state=256
drag end widget=Frame y=265
probe type=5 widget=Frame delta=0 num=1 state=256
probe type=8 widget=Frame delta=0 num=?? state=0
probe type=7 widget=Frame delta=0 num=?? state=0
probe type=7 widget=Frame delta=0 num=?? state=0
probe type=7 widget=Frame delta=0 num=?? state=0
probe type=7 widget=Text delta=0 num=?? state=0
probe type=8 widget=Text delta=0 num=?? state=0
probe type=8 widget=Frame delta=0 num=?? state=0
probe type=7 widget=Frame delta=0 num=?? state=0
probe type=8 widget=Frame delta=0 num=?? state=0
probe type=7 widget=Frame delta=0 num=?? state=0
probe type=8 widget=Frame delta=0 num=?? state=0
probe type=7 widget=Frame delta=0 num=?? state=0
probe type=8 widget=Frame delta=0 num=?? state=0
probe type=7 widget=Frame delta=0 num=?? state=0
probe type=7 widget=Frame delta=0 num=?? state=0
probe type=8 widget=Frame delta=0 num=?? state=0
probe type=7 widget=Canvas delta=0 num=?? state=0
probe type=8 widget=Canvas delta=0 num=?? state=0
probe type=7 widget=Frame delta=0 num=?? state=0
probe type=8 widget=Frame delta=0 num=?? state=0
probe type=8 widget=Frame delta=0 num=?? state=0
probe type=7 widget=Frame delta=0 num=?? state=0
probe type=8 widget=Frame delta=0 num=?? state=0
probe type=7 widget=Frame delta=0 num=?? state=0
probe type=8 widget=Frame delta=0 num=?? state=0
probe type=7 widget=Frame delta=0 num=?? state=0
probe type=8 widget=Frame delta=0 num=?? state=0
probe type=7 widget=Label delta=0 num=?? state=0
probe type=8 widget=Label delta=0 num=?? state=0
probe type=7 widget=Frame delta=0 num=?? state=0
probe type=8 widget=Frame delta=0 num=?? state=0
probe type=7 widget=Frame delta=0 num=?? state=0
probe type=8 widget=Frame delta=0 num=?? state=0
probe type=7 widget=Frame delta=0 num=?? state=0
probe type=8 widget=Frame delta=0 num=?? state=0
probe type=7 widget=Frame delta=0 num=?? state=0
probe type=8 widget=Frame delta=0 num=?? state=0
probe type=7 widget=Frame delta=0 num=?? state=0
probe type=8 widget=Frame delta=0 num=?? state=0
probe type=7 widget=Frame delta=0 num=?? state=0
probe type=4 widget=Frame delta=0 num=1 state=0
drag start widget=Frame y=-30
probe type=4 widget=Frame delta=0 num=1 state=0
drag scroll dy=6 steps=-1 widget=Frame
drag scroll dy=8 steps=-1 widget=Frame
drag scroll dy=7 steps=-1 widget=Frame
drag scroll dy=7 steps=-1 widget=Frame
drag scroll dy=8 steps=-1 widget=Frame
drag scroll dy=6 steps=-1 widget=Frame
drag scroll dy=11 steps=-1 widget=Frame
drag scroll dy=8 steps=-1 widget=Frame
drag scroll dy=6 steps=-1 widget=Frame
drag scroll dy=6 steps=-1 widget=Frame
drag scroll dy=6 steps=-1 widget=Frame
drag scroll dy=7 steps=-1 widget=Frame
drag scroll dy=-7 steps=1 widget=Frame
drag scroll dy=-10 steps=1 widget=Frame
drag scroll dy=-9 steps=1 widget=Frame
drag scroll dy=-6 steps=1 widget=Frame
drag scroll dy=-7 steps=1 widget=Frame
drag scroll dy=-6 steps=1 widget=Frame
drag scroll dy=-7 steps=1 widget=Frame
drag scroll dy=-7 steps=1 widget=Frame
drag scroll dy=-7 steps=1 widget=Frame
drag scroll dy=-9 steps=1 widget=Frame
drag scroll dy=-7 steps=1 widget=Frame
drag scroll dy=-6 steps=1 widget=Frame
drag scroll dy=-6 steps=1 widget=Frame
drag scroll dy=-6 steps=1 widget=Frame
drag scroll dy=-6 steps=1 widget=Frame
drag scroll dy=-7 steps=1 widget=Frame
drag scroll dy=-6 steps=1 widget=Frame
drag scroll dy=-6 steps=1 widget=Frame
drag scroll dy=-7 steps=1 widget=Frame
drag scroll dy=-6 steps=1 widget=Frame
drag scroll dy=7 steps=-1 widget=Frame
drag scroll dy=6 steps=-1 widget=Frame
probe type=8 widget=Frame delta=0 num=?? state=256
probe type=5 widget=Frame delta=0 num=1 state=256
drag end widget=Frame y=-64
probe type=5 widget=Frame delta=0 num=1 state=256
probe type=8 widget=Frame delta=0 num=?? state=0
probe type=7 widget=Frame delta=0 num=?? state=0
probe type=7 widget=Frame delta=0 num=?? state=0
probe type=7 widget=Frame delta=0 num=?? state=0
probe type=7 widget=Text delta=0 num=?? state=0
probe type=8 widget=Text delta=0 num=?? state=0
probe type=8 widget=Frame delta=0 num=?? state=0
probe type=7 widget=Frame delta=0 num=?? state=0
probe type=8 widget=Frame delta=0 num=?? state=0
probe type=7 widget=Frame delta=0 num=?? state=0
probe type=8 widget=Frame delta=0 num=?? state=0
probe type=7 widget=Frame delta=0 num=?? state=0
probe type=7 widget=Button delta=0 num=?? state=0
probe type=8 widget=Button delta=0 num=?? state=0
probe type=7 widget=Frame delta=0 num=?? state=0
probe type=8 widget=Frame delta=0 num=?? state=0
probe type=7 widget=Button delta=0 num=?? state=0
probe type=4 widget=Button delta=0 num=1 state=0
probe type=4 widget=Button delta=0 num=1 state=0
probe type=5 widget=Button delta=0 num=1 state=256
probe type=5 widget=Button delta=0 num=1 state=256
probe type=8 widget=Button delta=0 num=?? state=0
probe type=8 widget=Frame delta=0 num=?? state=0
probe type=7 widget=Frame delta=0 num=?? state=0
probe type=4 widget=Frame delta=0 num=1 state=0
drag start widget=Frame y=198
probe type=4 widget=Frame delta=0 num=1 state=0
drag scroll dy=7 steps=-1 widget=Frame
drag scroll dy=7 steps=-1 widget=Frame
drag scroll dy=6 steps=-1 widget=Frame
probe type=5 widget=Frame delta=0 num=1 state=256
drag end widget=Frame y=222
probe type=5 widget=Frame delta=0 num=1 state=256
probe type=8 widget=Frame delta=0 num=?? state=0
probe type=7 widget=Frame delta=0 num=?? state=0
probe type=7 widget=Frame delta=0 num=?? state=0
probe type=7 widget=Text delta=0 num=?? state=0
probe type=8 widget=Text delta=0 num=?? state=0
probe type=8 widget=Frame delta=0 num=?? state=0
probe type=8 widget=Frame delta=0 num=?? state=0
probe type=7 widget=Frame delta=0 num=?? state=0
probe type=8 widget=Frame delta=0 num=?? state=0
probe type=7 widget=Frame delta=0 num=?? state=0
probe type=8 widget=Frame delta=0 num=?? state=0
probe type=7 widget=Frame delta=0 num=?? state=0
probe type=7 widget=Frame delta=0 num=?? state=0
probe type=7 widget=Canvas delta=0 num=?? state=0
probe type=8 widget=Canvas delta=0 num=?? state=0
probe type=7 widget=Frame delta=0 num=?? state=0
probe type=8 widget=Frame delta=0 num=?? state=0
probe type=8 widget=Frame delta=0 num=?? state=0
probe type=7 widget=Frame delta=0 num=?? state=0
probe type=8 widget=Frame delta=0 num=?? state=0
probe type=7 widget=Frame delta=0 num=?? state=0
probe type=8 widget=Frame delta=0 num=?? state=0
probe type=7 widget=Frame delta=0 num=?? state=0
probe type=7 widget=Text delta=0 num=?? state=0
probe type=8 widget=Text delta=0 num=?? state=0
probe type=7 widget=Scrollbar delta=0 num=?? state=0
probe type=8 widget=Scrollbar delta=0 num=?? state=0
probe type=8 widget=Frame delta=0 num=?? state=0
probe type=7 widget=Frame delta=0 num=?? state=0
probe type=4 widget=Frame delta=0 num=1 state=0
drag start widget=Frame y=304
probe type=4 widget=Frame delta=0 num=1 state=0
drag scroll dy=-6 steps=1 widget=Frame
drag scroll dy=-6 steps=1 widget=Frame
drag scroll dy=-7 steps=1 widget=Frame
drag scroll dy=-6 steps=1 widget=Frame
drag scroll dy=-6 steps=1 widget=Frame
drag scroll dy=-6 steps=1 widget=Frame
drag scroll dy=-6 steps=1 widget=Frame
drag scroll dy=-6 steps=1 widget=Frame
drag scroll dy=-6 steps=1 widget=Frame
probe type=8 widget=Frame delta=0 num=?? state=256
probe type=5 widget=Frame delta=0 num=1 state=256
drag end widget=Frame y=245
probe type=5 widget=Frame delta=0 num=1 state=256
probe type=8 widget=Frame delta=0 num=?? state=0
probe type=7 widget=Frame delta=0 num=?? state=0
probe type=7 widget=Frame delta=0 num=?? state=0
probe type=7 widget=Frame delta=0 num=?? state=0
probe type=7 widget=Text delta=0 num=?? state=0
probe type=4 widget=Text delta=0 num=1 state=0
probe type=4 widget=Text delta=0 num=1 state=0
probe type=10 widget=Text delta=0 num=?? state=??
probe type=10 widget=Frame delta=0 num=?? state=??
probe type=10 widget=Frame delta=0 num=?? state=??
probe type=10 widget=Frame delta=0 num=?? state=??
probe type=9 widget=Frame delta=0 num=?? state=??
probe type=9 widget=Frame delta=0 num=?? state=??
probe type=9 widget=Frame delta=0 num=?? state=??
probe type=9 widget=Text delta=0 num=?? state=??
probe type=5 widget=Text delta=0 num=1 state=256
probe type=5 widget=Text delta=0 num=1 state=256
probe type=8 widget=Text delta=0 num=?? state=0
probe type=8 widget=Frame delta=0 num=?? state=0
probe type=8 widget=Frame delta=0 num=?? state=0
probe type=7 widget=Frame delta=0 num=?? state=0
probe type=8 widget=Frame delta=0 num=?? state=0
probe type=7 widget=Frame delta=0 num=?? state=0
probe type=8 widget=Frame delta=0 num=?? state=0
probe type=7 widget=Frame delta=0 num=?? state=0
probe type=7 widget=Frame delta=0 num=?? state=0
probe type=7 widget=Canvas delta=0 num=?? state=0
probe type=8 widget=Canvas delta=0 num=?? state=0
probe type=8 widget=Frame delta=0 num=?? state=0
probe type=8 widget=Frame delta=0 num=?? state=0
probe type=7 widget=Frame delta=0 num=?? state=0
probe type=8 widget=Frame delta=0 num=?? state=0
probe type=7 widget=Frame delta=0 num=?? state=0
probe type=7 widget=Text delta=0 num=?? state=0
probe type=4 widget=Text delta=0 num=1 state=0
probe type=4 widget=Text delta=0 num=1 state=0
probe type=10 widget=Text delta=0 num=?? state=??
probe type=10 widget=Frame delta=0 num=?? state=??
probe type=10 widget=Frame delta=0 num=?? state=??
probe type=9 widget=Frame delta=0 num=?? state=??
probe type=9 widget=Frame delta=0 num=?? state=??
probe type=9 widget=Text delta=0 num=?? state=??
probe type=5 widget=Text delta=0 num=1 state=256
probe type=5 widget=Text delta=0 num=1 state=256
probe type=8 widget=Text delta=0 num=?? state=0
probe type=8 widget=Frame delta=0 num=?? state=0
probe type=7 widget=Frame delta=0 num=?? state=0
probe type=8 widget=Frame delta=0 num=?? state=0
probe type=7 widget=Frame delta=0 num=?? state=0
probe type=8 widget=Frame delta=0 num=?? state=0
probe type=7 widget=Label delta=0 num=?? state=0
probe type=8 widget=Label delta=0 num=?? state=0
probe type=8 widget=Frame delta=0 num=?? state=0
probe type=7 widget=Frame delta=0 num=?? state=0
probe type=8 widget=Frame delta=0 num=?? state=0
probe type=7 widget=Frame delta=0 num=?? state=0
probe type=7 widget=Label delta=0 num=?? state=0
probe type=8 widget=Label delta=0 num=?? state=0
probe type=8 widget=Frame delta=0 num=?? state=0
probe type=7 widget=Frame delta=0 num=?? state=0
probe type=8 widget=Frame delta=0 num=?? state=0
probe type=7 widget=Frame delta=0 num=?? state=0
probe type=8 widget=Frame delta=0 num=?? state=0
probe type=7 widget=Label delta=0 num=?? state=0
probe type=8 widget=Label delta=0 num=?? state=0
probe type=8 widget=Frame delta=0 num=?? state=0
probe type=7 widget=Frame delta=0 num=?? state=0
probe type=8 widget=Frame delta=0 num=?? state=0
probe type=7 widget=Frame delta=0 num=?? state=0
probe type=8 widget=Frame delta=0 num=?? state=0
probe type=7 widget=Frame delta=0 num=?? state=0
probe type=8 widget=Frame delta=0 num=?? state=0
probe type=7 widget=Frame delta=0 num=?? state=0
probe type=7 widget=Label delta=0 num=?? state=0
probe type=4 widget=Label delta=0 num=1 state=0
drag start widget=Label y=78
probe type=4 widget=Label delta=0 num=1 state=0
drag scroll dy=-6 steps=1 widget=Label
drag scroll dy=-6 steps=1 widget=Label
drag scroll dy=-6 steps=1 widget=Label
drag scroll dy=-6 steps=1 widget=Label
drag scroll dy=-6 steps=1 widget=Label
drag scroll dy=-6 steps=1 widget=Label
drag scroll dy=-6 steps=1 widget=Label
drag scroll dy=-7 steps=1 widget=Label
drag scroll dy=-6 steps=1 widget=Label
drag scroll dy=-7 steps=1 widget=Label
drag scroll dy=-6 steps=1 widget=Label
drag scroll dy=6 steps=-1 widget=Label
drag scroll dy=6 steps=-1 widget=Label
drag scroll dy=6 steps=-1 widget=Label
drag scroll dy=6 steps=-1 widget=Label
drag scroll dy=6 steps=-1 widget=Label
probe type=8 widget=Label delta=0 num=?? state=256
probe type=5 widget=Label delta=0 num=1 state=256
drag end widget=Label y=44
probe type=5 widget=Label delta=0 num=1 state=256
probe type=8 widget=Label delta=0 num=?? state=0
probe type=7 widget=Frame delta=0 num=?? state=0
probe type=7 widget=Frame delta=0 num=?? state=0
probe type=7 widget=Frame delta=0 num=?? state=0
probe type=8 widget=Frame delta=0 num=?? state=0
probe type=7 widget=Canvas delta=0 num=?? state=0
probe type=8 widget=Canvas delta=0 num=?? state=0
probe type=8 widget=Frame delta=0 num=?? state=0
probe type=8 widget=Frame delta=0 num=?? state=0
probe type=7 widget=Frame delta=0 num=?? state=0
probe type=8 widget=Frame delta=0 num=?? state=0
probe type=7 widget=Frame delta=0 num=?? state=0
probe type=8 widget=Frame delta=0 num=?? state=0
probe type=7 widget=Frame delta=0 num=?? state=0
probe type=7 widget=Text delta=0 num=?? state=0
probe type=8 widget=Text delta=0 num=?? state=0
probe type=7 widget=Scrollbar delta=0 num=?? state=0
probe type=8 widget=Scrollbar delta=0 num=?? state=0
probe type=8 widget=Frame delta=0 num=?? state=0
probe type=7 widget=Frame delta=0 num=?? state=0
probe type=8 widget=Frame delta=0 num=?? state=0
probe type=7 widget=Frame delta=0 num=?? state=0
probe type=7 widget=Button delta=0 num=?? state=0
probe type=8 widget=Button delta=0 num=?? state=0
probe type=8 widget=Frame delta=0 num=?? state=0
probe type=7 widget=Frame delta=0 num=?? state=0
probe type=8 widget=Frame delta=0 num=?? state=0
probe type=8 widget=Frame delta=0 num=?? state=0
probe type=8 widget=Frame delta=0 num=?? state=0
probe type=8 widget=Canvas delta=0 num=?? state=0
probe type=10 widget=Text delta=0 num=?? state=??
probe type=10 widget=Frame delta=0 num=?? state=??
probe type=10 widget=Frame delta=0 num=?? state=??
probe type=10 widget=Frame delta=0 num=?? state=??
probe type=10 widget=Frame delta=0 num=?? state=??
probe type=10 widget=Canvas delta=0 num=?? state=??
probe type=9 widget=Canvas delta=0 num=?? state=??
probe type=9 widget=Frame delta=0 num=?? state=??
probe type=9 widget=Frame delta=0 num=?? state=??
probe type=9 widget=Frame delta=0 num=?? state=??
probe type=9 widget=Frame delta=0 num=?? state=??
probe type=9 widget=Text delta=0 num=?? state=??
probe type=7 widget=Canvas delta=0 num=?? state=0
probe type=10 widget=Text delta=0 num=?? state=??
probe type=10 widget=Frame delta=0 num=?? state=??
probe type=10 widget=Frame delta=0 num=?? state=??
probe type=10 widget=Frame delta=0 num=?? state=??
probe type=10 widget=Frame delta=0 num=?? state=??
probe type=9 widget=Canvas delta=0 num=?? state=??
probe type=7 widget=Frame delta=0 num=?? state=0
probe type=10 widget=Canvas delta=0 num=?? state=??
probe type=8 widget=Frame delta=0 num=?? state=0
probe type=8 widget=Canvas delta=0 num=?? state=0
probe type=7 widget=Canvas delta=0 num=?? state=0
probe type=7 widget=Frame delta=0 num=?? state=0
probe type=7 widget=Frame delta=0 num=?? state=0
probe type=7 widget=Frame delta=0 num=?? state=0
probe type=7 widget=Text delta=0 num=?? state=0
probe type=4 widget=Text delta=0 num=1 state=0
probe type=4 widget=Text delta=0 num=1 state=0
probe type=9 widget=Canvas delta=0 num=?? state=??
probe type=9 widget=Frame delta=0 num=?? state=??
probe type=9 widget=Frame delta=0 num=?? state=??
probe type=9 widget=Frame delta=0 num=?? state=??
probe type=9 widget=Text delta=0 num=?? state=??
probe type=5 widget=Text delta=0 num=1 state=256
probe type=5 widget=Text delta=0 num=1 state=256
probe type=8 widget=Text delta=0 num=?? state=0
probe type=8 widget=Frame delta=0 num=?? state=0
probe type=7 widget=Frame delta=0 num=?? state=0
probe type=8 widget=Frame delta=0 num=?? state=0
probe type=7 widget=Frame delta=0 num=?? state=0
probe type=8 widget=Frame delta=0 num=?? state=0
probe type=7 widget=Frame delta=0 num=?? state=0
probe type=7 widget=Text delta=0 num=?? state=0
probe type=8 widget=Text delta=0 num=?? state=0
probe type=8 widget=Frame delta=0 num=?? state=0
probe type=7 widget=Frame delta=0 num=?? state=0
probe type=8 widget=Frame delta=0 num=?? state=0
probe type=7 widget=Frame delta=0 num=?? state=0
probe type=8 widget=Frame delta=0 num=?? state=0
probe type=7 widget=Frame delta=0 num=?? state=0
probe type=7 widget=Text delta=0 num=?? state=0
probe type=8 widget=Text delta=0 num=?? state=0
probe type=8 widget=Frame delta=0 num=?? state=0
probe type=7 widget=Frame delta=0 num=?? state=0
probe type=8 widget=Frame delta=0 num=?? state=0
probe type=7 widget=Frame delta=0 num=?? state=0
probe type=7 widget=Button delta=0 num=?? state=0
probe type=8 widget=Button delta=0 num=?? state=0
probe type=8 widget=Frame delta=0 num=?? state=0
probe type=8 widget=Frame delta=0 num=?? state=0
probe type=7 widget=Frame delta=0 num=?? state=0
probe type=8 widget=Frame delta=0 num=?? state=0
probe type=8 widget=Canvas delta=0 num=?? state=0
probe type=7 widget=Canvas delta=0 num=?? state=0
probe type=10 widget=Text delta=0 num=?? state=??
probe type=10 widget=Frame delta=0 num=?? state=??
probe type=10 widget=Frame delta=0 num=?? state=??
probe type=10 widget=Frame delta=0 num=?? state=??
probe type=9 widget=Canvas delta=0 num=?? state=??
probe type=7 widget=Frame delta=0 num=?? state=0
probe type=8 widget=Frame delta=0 num=?? state=0
probe type=7 widget=Frame delta=0 num=?? state=0
probe type=7 widget=Frame delta=0 num=?? state=0
probe type=7 widget=Button delta=0 num=?? state=0
probe type=8 widget=Button delta=0 num=?? state=0
probe type=7 widget=Frame delta=0 num=?? state=0
probe type=8 widget=Frame delta=0 num=?? state=0
probe type=7 widget=Button delta=0 num=?? state=0
probe type=8 widget=Button delta=0 num=?? state=0
probe type=7 widget=Frame delta=0 num=?? state=0
probe type=8 widget=Frame delta=0 num=?? state=0
probe type=7 widget=Button delta=0 num=?? state=0
probe type=8 widget=Button delta=0 num=?? state=0
probe type=7 widget=Frame delta=0 num=?? state=0
probe type=8 widget=Frame delta=0 num=?? state=0
probe type=7 widget=Button delta=0 num=?? state=0
probe type=4 widget=Button delta=0 num=1 state=0
probe type=4 widget=Button delta=0 num=1 state=0
probe type=5 widget=Button delta=0 num=1 state=256
probe type=5 widget=Button delta=0 num=1 state=256
probe type=8 widget=Button delta=0 num=?? state=0
probe type=8 widget=Frame delta=0 num=?? state=0
probe type=7 widget=Frame delta=0 num=?? state=0
probe type=8 widget=Frame delta=0 num=?? state=0
probe type=7 widget=Frame delta=0 num=?? state=0
probe type=7 widget=Scrollbar delta=0 num=?? state=0
probe type=8 widget=Scrollbar delta=0 num=?? state=0
probe type=7 widget=Text delta=0 num=?? state=0
probe type=8 widget=Text delta=0 num=?? state=0
probe type=7 widget=Scrollbar delta=0 num=?? state=0
probe type=8 widget=Scrollbar delta=0 num=?? state=0
probe type=8 widget=Frame delta=0 num=?? state=0
probe type=7 widget=Frame delta=0 num=?? state=0
probe type=8 widget=Frame delta=0 num=?? state=0
probe type=7 widget=Frame delta=0 num=?? state=0
probe type=7 widget=Scrollbar delta=0 num=?? state=0
probe type=8 widget=Scrollbar delta=0 num=?? state=0
probe type=7 widget=Text delta=0 num=?? state=0
probe type=8 widget=Text delta=0 num=?? state=0
probe type=7 widget=Scrollbar delta=0 num=?? state=0
probe type=8 widget=Scrollbar delta=0 num=?? state=0
probe type=8 widget=Frame delta=0 num=?? state=0
probe type=7 widget=Frame delta=0 num=?? state=0
probe type=8 widget=Frame delta=0 num=?? state=0
probe type=7 widget=Frame delta=0 num=?? state=0
probe type=7 widget=Scrollbar delta=0 num=?? state=0
probe type=8 widget=Scrollbar delta=0 num=?? state=0
probe type=7 widget=Text delta=0 num=?? state=0
probe type=8 widget=Text delta=0 num=?? state=0
probe type=8 widget=Frame delta=0 num=?? state=0
probe type=7 widget=Frame delta=0 num=?? state=0
probe type=8 widget=Frame delta=0 num=?? state=0
probe type=7 widget=Frame delta=0 num=?? state=0
probe type=8 widget=Frame delta=0 num=?? state=0
probe type=7 widget=Frame delta=0 num=?? state=0
probe type=7 widget=Text delta=0 num=?? state=0
probe type=8 widget=Text delta=0 num=?? state=0
probe type=8 widget=Frame delta=0 num=?? state=0
probe type=7 widget=Frame delta=0 num=?? state=0
probe type=8 widget=Frame delta=0 num=?? state=0
probe type=7 widget=Frame delta=0 num=?? state=0
probe type=8 widget=Frame delta=0 num=?? state=0
probe type=7 widget=Frame delta=0 num=?? state=0
probe type=7 widget=Text delta=0 num=?? state=0
probe type=8 widget=Text delta=0 num=?? state=0
probe type=7 widget=Scrollbar delta=0 num=?? state=0
probe type=8 widget=Scrollbar delta=0 num=?? state=0
probe type=8 widget=Frame delta=0 num=?? state=0
probe type=7 widget=Frame delta=0 num=?? state=0
probe type=4 widget=Frame delta=0 num=1 state=0
drag start widget=Frame y=217
probe type=4 widget=Frame delta=0 num=1 state=0
drag scroll dy=8 steps=-1 widget=Frame
drag scroll dy=9 steps=-1 widget=Frame
drag scroll dy=7 steps=-1 widget=Frame
drag scroll dy=7 steps=-1 widget=Frame
drag scroll dy=11 steps=-1 widget=Frame
drag scroll dy=9 steps=-1 widget=Frame
drag scroll dy=11 steps=-1 widget=Frame
drag scroll dy=7 steps=-1 widget=Frame
drag scroll dy=6 steps=-1 widget=Frame
drag scroll dy=7 steps=-1 widget=Frame
drag scroll dy=6 steps=-1 widget=Frame
drag scroll dy=6 steps=-1 widget=Frame
drag scroll dy=8 steps=-1 widget=Frame
drag scroll dy=-6 steps=1 widget=Frame
drag scroll dy=-9 steps=1 widget=Frame
drag scroll dy=-8 steps=1 widget=Frame
drag scroll dy=-8 steps=1 widget=Frame
drag scroll dy=-6 steps=1 widget=Frame
drag scroll dy=9 steps=-1 widget=Frame
drag scroll dy=6 steps=-1 widget=Frame
drag scroll dy=7 steps=-1 widget=Frame
drag scroll dy=7 steps=-1 widget=Frame
drag scroll dy=-7 steps=1 widget=Frame
drag scroll dy=-8 steps=1 widget=Frame
drag scroll dy=-6 steps=1 widget=Frame
drag scroll dy=-7 steps=1 widget=Frame
drag scroll dy=-6 steps=1 widget=Frame
drag scroll dy=-7 steps=1 widget=Frame
drag scroll dy=-6 steps=1 widget=Frame
drag scroll dy=-6 steps=1 widget=Frame
drag scroll dy=-7 steps=1 widget=Frame
drag scroll dy=-6 steps=1 widget=Frame
drag scroll dy=-6 steps=1 widget=Frame
drag scroll dy=-7 steps=1 widget=Frame
drag scroll dy=-6 steps=1 widget=Frame
drag scroll dy=-8 steps=1 widget=Frame
drag scroll dy=-7 steps=1 widget=Frame
drag scroll dy=-6 steps=1 widget=Frame
drag scroll dy=-6 steps=1 widget=Frame
drag scroll dy=-7 steps=1 widget=Frame
drag scroll dy=-7 steps=1 widget=Frame
drag scroll dy=-6 steps=1 widget=Frame
drag scroll dy=-6 steps=1 widget=Frame
probe type=8 widget=Frame delta=0 num=?? state=256
probe type=5 widget=Frame delta=0 num=1 state=256
drag end widget=Frame y=172
probe type=5 widget=Frame delta=0 num=1 state=256
probe type=8 widget=Frame delta=0 num=?? state=0
probe type=7 widget=Frame delta=0 num=?? state=0
probe type=7 widget=Frame delta=0 num=?? state=0
probe type=7 widget=Frame delta=0 num=?? state=0
probe type=7 widget=Text delta=0 num=?? state=0
probe type=8 widget=Text delta=0 num=?? state=0
probe type=8 widget=Frame delta=0 num=?? state=0
probe type=7 widget=Frame delta=0 num=?? state=0
probe type=8 widget=Frame delta=0 num=?? state=0
probe type=7 widget=Frame delta=0 num=?? state=0
probe type=8 widget=Frame delta=0 num=?? state=0
probe type=8 widget=Frame delta=0 num=?? state=0
probe type=8 widget=Canvas delta=0 num=?? state=0
probe type=10 widget=Canvas delta=0 num=?? state=??
probe type=9 widget=Canvas delta=0 num=?? state=??
probe type=7 widget=Canvas delta=0 num=?? state=0
probe type=7 widget=Frame delta=0 num=?? state=0
probe type=7 widget=Frame delta=0 num=?? state=0
probe type=7 widget=Frame delta=0 num=?? state=0
probe type=7 widget=Button delta=0 num=?? state=0
probe type=8 widget=Button delta=0 num=?? state=0
probe type=8 widget=Frame delta=0 num=?? state=0
probe type=7 widget=Frame delta=0 num=?? state=0
probe type=8 widget=Frame delta=0 num=?? state=0
probe type=7 widget=Frame delta=0 num=?? state=0
probe type=8 widget=Frame delta=0 num=?? state=0
probe type=7 widget=Frame delta=0 num=?? state=0
probe type=7 widget=Text delta=0 num=?? state=0
probe type=8 widget=Text delta=0 num=?? state=0
probe type=8 widget=Frame delta=0 num=?? state=0
probe type=7 widget=Frame delta=0 num=?? state=0
probe type=8 widget=Frame delta=0 num=?? state=0
probe type=7 widget=Entry delta=0 num=?? state=0
probe type=8 widget=Entry delta=0 num=?? state=0
probe type=7 widget=Frame delta=0 num=?? state=0
probe type=8 widget=Frame delta=0 num=?? state=0
probe type=7 widget=Label delta=0 num=?? state=0
probe type=8 widget=Label delta=0 num=?? state=0
probe type=7 widget=Frame delta=0 num=?? state=0
probe type=8 widget=Frame delta=0 num=?? state=0
probe type=7 widget=Frame delta=0 num=?? state=0
probe type=8 widget=Frame delta=0 num=?? state=0
probe type=7 widget=Frame delta=0 num=?? state=0
probe type=8 widget=Frame delta=0 num=?? state=0
probe type=7 widget=Frame delta=0 num=?? state=0
probe type=7 widget=Frame delta=0 num=?? state=0
probe type=8 widget=Frame delta=0 num=?? state=0
probe type=7 widget=Frame delta=0 num=?? state=0
probe type=8 widget=Frame delta=0 num=?? state=0
probe type=8 widget=Frame delta=0 num=?? state=0
probe type=8 widget=Canvas delta=0 num=?? state=0
probe type=7 widget=Canvas delta=0 num=?? state=0
probe type=7 widget=Frame delta=0 num=?? state=0
probe type=7 widget=Frame delta=0 num=?? state=0
probe type=8 widget=Frame delta=0 num=?? state=0
probe type=7 widget=Frame delta=0 num=?? state=0
probe type=8 widget=Frame delta=0 num=?? state=0
probe type=7 widget=Frame delta=0 num=?? state=0
probe type=7 widget=Label delta=0 num=?? state=0
probe type=8 widget=Label delta=0 num=?? state=0
probe type=7 widget=Frame delta=0 num=?? state=0
probe type=8 widget=Frame delta=0 num=?? state=0
probe type=7 widget=Frame delta=0 num=?? state=0
probe type=7 widget=Frame delta=0 num=?? state=0
probe type=7 widget=Frame delta=0 num=?? state=0
probe type=8 widget=Frame delta=0 num=?? state=0
probe type=7 widget=Canvas delta=0 num=?? state=0
probe type=8 widget=Canvas delta=0 num=?? state=0
probe type=8 widget=Frame delta=0 num=?? state=0
probe type=8 widget=Frame delta=0 num=?? state=0
probe type=7 widget=Frame delta=0 num=?? state=0
probe type=8 widget=Frame delta=0 num=?? state=0
probe type=7 widget=Frame delta=0 num=?? state=0
probe type=8 widget=Frame delta=0 num=?? state=0
probe type=7 widget=Frame delta=0 num=?? state=0
probe type=7 widget=Scrollbar delta=0 num=?? state=0
probe type=8 widget=Scrollbar delta=0 num=?? state=0
probe type=8 widget=Frame delta=0 num=?? state=0
probe type=8 widget=Frame delta=0 num=?? state=0
probe type=8 widget=Frame delta=0 num=?? state=0
probe type=8 widget=Canvas delta=0 num=?? state=0
probe type=10 widget=Canvas delta=0 num=?? state=??
probe type=9 widget=Canvas delta=0 num=?? state=??
probe type=7 widget=Canvas delta=0 num=?? state=0
probe type=7 widget=Frame delta=0 num=?? state=0
probe type=7 widget=Frame delta=0 num=?? state=0
probe type=8 widget=Frame delta=0 num=?? state=0
probe type=7 widget=Frame delta=0 num=?? state=0
probe type=7 widget=Frame delta=0 num=?? state=0
probe type=7 widget=Text delta=0 num=?? state=0
probe type=8 widget=Text delta=0 num=?? state=0
probe type=8 widget=Frame delta=0 num=?? state=0
probe type=7 widget=Frame delta=0 num=?? state=0
probe type=8 widget=Frame delta=0 num=?? state=0
probe type=7 widget=Entry delta=0 num=?? state=0
probe type=8 widget=Entry delta=0 num=?? state=0
probe type=7 widget=Frame delta=0 num=?? state=0
probe type=8 widget=Frame delta=0 num=?? state=0
probe type=7 widget=Frame delta=0 num=?? state=0
probe type=8 widget=Frame delta=0 num=?? state=0
probe type=7 widget=Frame delta=0 num=?? state=0
probe type=8 widget=Frame delta=0 num=?? state=0
probe type=7 widget=Frame delta=0 num=?? state=0
probe type=8 widget=Frame delta=0 num=?? state=0
probe type=8 widget=Frame delta=0 num=?? state=0
probe type=8 widget=Canvas delta=0 num=?? state=0
probe type=4 widget=Button delta=0 num=1 state=0
probe type=5 widget=Button delta=0 num=1 state=256
probe type=7 widget=Canvas delta=0 num=?? state=0
probe type=7 widget=Frame delta=0 num=?? state=0
probe type=7 widget=Frame delta=0 num=?? state=0
probe type=8 widget=Frame delta=0 num=?? state=0
probe type=7 widget=Frame delta=0 num=?? state=0
probe type=8 widget=Frame delta=0 num=?? state=0
probe type=7 widget=Frame delta=0 num=?? state=0
probe type=8 widget=Frame delta=0 num=?? state=0
probe type=7 widget=Frame delta=0 num=?? state=0
probe type=7 widget=Label delta=0 num=?? state=0
probe type=8 widget=Label delta=0 num=?? state=0
probe type=7 widget=Frame delta=0 num=?? state=0
probe type=8 widget=Frame delta=0 num=?? state=0
probe type=7 widget=Frame delta=0 num=?? state=0
probe type=4 widget=Frame delta=0 num=1 state=0
drag start widget=Frame y=6
probe type=4 widget=Frame delta=0 num=1 state=0
drag scroll dy=6 steps=-1 widget=Frame
drag scroll dy=7 steps=-1 widget=Frame
drag scroll dy=8 steps=-1 widget=Frame
drag scroll dy=7 steps=-1 widget=Frame
drag scroll dy=8 steps=-1 widget=Frame
drag scroll dy=7 steps=-1 widget=Frame
drag scroll dy=6 steps=-1 widget=Frame
drag scroll dy=7 steps=-1 widget=Frame
drag scroll dy=6 steps=-1 widget=Frame
drag scroll dy=6 steps=-1 widget=Frame
probe type=8 widget=Frame delta=0 num=?? state=256
probe type=5 widget=Frame delta=0 num=1 state=256
drag end widget=Frame y=75
probe type=5 widget=Frame delta=0 num=1 state=256
probe type=8 widget=Frame delta=0 num=?? state=0
probe type=7 widget=Frame delta=0 num=?? state=0
probe type=7 widget=Frame delta=0 num=?? state=0
probe type=7 widget=Frame delta=0 num=?? state=0
probe type=7 widget=Text delta=0 num=?? state=0
probe type=8 widget=Text delta=0 num=?? state=0
probe type=8 widget=Frame delta=0 num=?? state=0
probe type=7 widget=Frame delta=0 num=?? state=0
probe type=8 widget=Frame delta=0 num=?? state=0
probe type=7 widget=Label delta=0 num=?? state=0
probe type=8 widget=Label delta=0 num=?? state=0
probe type=7 widget=Frame delta=0 num=?? state=0
probe type=8 widget=Frame delta=0 num=?? state=0
probe type=7 widget=Entry delta=0 num=?? state=0
probe type=4 widget=Entry delta=0 num=1 state=0
probe type=4 widget=Entry delta=0 num=1 state=0
probe type=10 widget=Canvas delta=0 num=?? state=??
probe type=9 widget=Frame delta=0 num=?? state=??
probe type=9 widget=Frame delta=0 num=?? state=??
probe type=9 widget=Frame delta=0 num=?? state=??
probe type=9 widget=Entry delta=0 num=?? state=??
probe type=5 widget=Entry delta=0 num=1 state=256
probe type=5 widget=Entry delta=0 num=1 state=256
probe type=8 widget=Entry delta=0 num=?? state=0
probe type=7 widget=Frame delta=0 num=?? state=0
probe type=8 widget=Frame delta=0 num=?? state=0
probe type=7 widget=Label delta=0 num=?? state=0
probe type=8 widget=Label delta=0 num=?? state=0
probe type=7 widget=Frame delta=0 num=?? state=0
probe type=7 widget=Text delta=0 num=?? state=0
probe type=8 widget=Text delta=0 num=?? state=0
probe type=8 widget=Frame delta=0 num=?? state=0
probe type=7 widget=Frame delta=0 num=?? state=0
probe type=8 widget=Frame delta=0 num=?? state=0
probe type=7 widget=Frame delta=0 num=?? state=0
probe type=7 widget=Text delta=0 num=?? state=0
probe type=4 widget=Text delta=0 num=1 state=0
probe type=4 widget=Text delta=0 num=1 state=0
probe type=10 widget=Entry delta=0 num=?? state=??
probe type=9 widget=Frame delta=0 num=?? state=??
probe type=9 widget=Text delta=0 num=?? state=??
probe type=5 widget=Text delta=0 num=1 state=256
probe type=5 widget=Text delta=0 num=1 state=256
probe type=8 widget=Text delta=0 num=?? state=0
probe type=8 widget=Frame delta=0 num=?? state=0
probe type=7 widget=Frame delta=0 num=?? state=0
probe type=8 widget=Frame delta=0 num=?? state=0
probe type=7 widget=Frame delta=0 num=?? state=0
probe type=8 widget=Frame delta=0 num=?? state=0
probe type=7 widget=Frame delta=0 num=?? state=0
probe type=8 widget=Frame delta=0 num=?? state=0
probe type=7 widget=Frame delta=0 num=?? state=0
probe type=7 widget=Frame delta=0 num=?? state=0
probe type=7 widget=Canvas delta=0 num=?? state=0
probe type=8 widget=Canvas delta=0 num=?? state=0
probe type=8 widget=Frame delta=0 num=?? state=0
probe type=8 widget=Frame delta=0 num=?? state=0
probe type=7 widget=Frame delta=0 num=?? state=0
probe type=8 widget=Frame delta=0 num=?? state=0
probe type=7 widget=Frame delta=0 num=?? state=0
probe type=7 widget=Text delta=0 num=?? state=0
probe type=8 widget=Text delta=0 num=?? state=0
probe type=8 widget=Frame delta=0 num=?? state=0
probe type=7 widget=Frame delta=0 num=?? state=0
probe type=7 widget=Frame delta=0 num=?? state=0
probe type=7 widget=Canvas delta=0 num=?? state=0
probe type=8 widget=Canvas delta=0 num=?? state=0
probe type=7 widget=Frame delta=0 num=?? state=0
probe type=8 widget=Frame delta=0 num=?? state=0
probe type=8 widget=Frame delta=0 num=?? state=0
probe type=7 widget=Frame delta=0 num=?? state=0
probe type=8 widget=Frame delta=0 num=?? state=0
probe type=7 widget=Frame delta=0 num=?? state=0
probe type=8 widget=Frame delta=0 num=?? state=0
probe type=7 widget=Frame delta=0 num=?? state=0
probe type=8 widget=Frame delta=0 num=?? state=0
probe type=7 widget=Frame delta=0 num=?? state=0
probe type=8 widget=Frame delta=0 num=?? state=0
probe type=7 widget=Frame delta=0 num=?? state=0
probe type=7 widget=Frame delta=0 num=?? state=0
probe type=7 widget=Text delta=0 num=?? state=0
probe type=4 widget=Text delta=0 num=1 state=0
probe type=4 widget=Text delta=0 num=1 state=0
probe type=5 widget=Text delta=0 num=1 state=256
probe type=5 widget=Text delta=0 num=1 state=256
probe type=4 widget=Text delta=0 num=1 state=0
probe type=4 widget=Text delta=0 num=1 state=0
probe type=8 widget=Text delta=0 num=?? state=256
probe type=5 widget=Text delta=0 num=1 state=256
probe type=5 widget=Text delta=0 num=1 state=256
probe type=8 widget=Text delta=0 num=?? state=0
probe type=8 widget=Frame delta=0 num=?? state=0
probe type=7 widget=Frame delta=0 num=?? state=0
probe type=8 widget=Frame delta=0 num=?? state=0
probe type=7 widget=Frame delta=0 num=?? state=0
probe type=7 widget=Text delta=0 num=?? state=0
probe type=4 widget=Text delta=0 num=1 state=0
probe type=4 widget=Text delta=0 num=1 state=0
probe type=5 widget=Text delta=0 num=1 state=256
probe type=5 widget=Text delta=0 num=1 state=256
probe type=8 widget=Text delta=0 num=?? state=0
probe type=8 widget=Frame delta=0 num=?? state=0
probe type=7 widget=Frame delta=0 num=?? state=0
probe type=8 widget=Frame delta=0 num=?? state=0
probe type=7 widget=Frame delta=0 num=?? state=0
probe type=8 widget=Frame delta=0 num=?? state=0
probe type=7 widget=Frame delta=0 num=?? state=0
probe type=7 widget=Frame delta=0 num=?? state=0
probe type=7 widget=Canvas delta=0 num=?? state=0
probe type=8 widget=Canvas delta=0 num=?? state=0
probe type=7 widget=Frame delta=0 num=?? state=0
probe type=8 widget=Frame delta=0 num=?? state=0
probe type=8 widget=Frame delta=0 num=?? state=0
probe type=7 widget=Frame delta=0 num=?? state=0
probe type=7 widget=Text delta=0 num=?? state=0
probe type=8 widget=Text delta=0 num=?? state=0
probe type=8 widget=Frame delta=0 num=?? state=0
probe type=7 widget=Frame delta=0 num=?? state=0
probe type=8 widget=Frame delta=0 num=?? state=0
probe type=8 widget=Frame delta=0 num=?? state=0
probe type=7 widget=Frame delta=0 num=?? state=0
probe type=8 widget=Frame delta=0 num=?? state=0
probe type=8 widget=Canvas delta=0 num=?? state=0
probe type=7 widget=Canvas delta=0 num=?? state=0
probe type=10 widget=Text delta=0 num=?? state=??
probe type=10 widget=Frame delta=0 num=?? state=??
probe type=10 widget=Frame delta=0 num=?? state=??
probe type=10 widget=Frame delta=0 num=?? state=??
probe type=10 widget=Frame delta=0 num=?? state=??
probe type=9 widget=Canvas delta=0 num=?? state=??
probe type=7 widget=Frame delta=0 num=?? state=0
probe type=8 widget=Frame delta=0 num=?? state=0
probe type=7 widget=Frame delta=0 num=?? state=0
probe type=7 widget=Frame delta=0 num=?? state=0
probe type=8 widget=Frame delta=0 num=?? state=0
probe type=7 widget=Frame delta=0 num=?? state=0
probe type=7 widget=Text delta=0 num=?? state=0
probe type=4 widget=Text delta=0 num=1 state=0
probe type=4 widget=Text delta=0 num=1 state=0
probe type=10 widget=Canvas delta=0 num=?? state=??
probe type=9 widget=Frame delta=0 num=?? state=??
probe type=9 widget=Frame delta=0 num=?? state=??
probe type=9 widget=Frame delta=0 num=?? state=??
probe type=9 widget=Frame delta=0 num=?? state=??
probe type=9 widget=Text delta=0 num=?? state=??
probe type=5 widget=Text delta=0 num=1 state=256
probe type=5 widget=Text delta=0 num=1 state=256
probe type=8 widget=Text delta=0 num=?? state=0
probe type=8 widget=Frame delta=0 num=?? state=0
probe type=7 widget=Frame delta=0 num=?? state=0
probe type=7 widget=Frame delta=0 num=?? state=0
probe type=7 widget=Canvas delta=0 num=?? state=0
probe type=8 widget=Canvas delta=0 num=?? state=0
probe type=8 widget=Frame delta=0 num=?? state=0
probe type=8 widget=Frame delta=0 num=?? state=0
probe type=8 widget=Frame delta=0 num=?? state=0
probe type=7 widget=Frame delta=0 num=?? state=0
probe type=8 widget=Frame delta=0 num=?? state=0
probe type=7 widget=Frame delta=0 num=?? state=0
probe type=7 widget=Text delta=0 num=?? state=0
probe type=8 widget=Text delta=0 num=?? state=0
probe type=8 widget=Frame delta=0 num=?? state=0
probe type=8 widget=Frame delta=0 num=?? state=0
probe type=7 widget=Frame delta=0 num=?? state=0
probe type=8 widget=Frame delta=0 num=?? state=0
probe type=7 widget=Frame delta=0 num=?? state=0
probe type=8 widget=Frame delta=0 num=?? state=0
probe type=7 widget=Frame delta=0 num=?? state=0
probe type=7 widget=Frame delta=0 num=?? state=0
probe type=8 widget=Frame delta=0 num=?? state=0
probe type=8 widget=Frame delta=0 num=?? state=0
probe type=7 widget=Frame delta=0 num=?? state=0
probe type=8 widget=Frame delta=0 num=?? state=0
probe type=7 widget=Frame delta=0 num=?? state=0
probe type=8 widget=Frame delta=0 num=?? state=0
probe type=7 widget=Frame delta=0 num=?? state=0
probe type=8 widget=Frame delta=0 num=?? state=0
probe type=7 widget=Frame delta=0 num=?? state=0
probe type=7 widget=Text delta=0 num=?? state=0
probe type=4 widget=Text delta=0 num=1 state=0
probe type=4 widget=Text delta=0 num=1 state=0
probe type=10 widget=Text delta=0 num=?? state=??
probe type=10 widget=Frame delta=0 num=?? state=??
probe type=10 widget=Frame delta=0 num=?? state=??
probe type=9 widget=Frame delta=0 num=?? state=??
probe type=9 widget=Frame delta=0 num=?? state=??
probe type=9 widget=Text delta=0 num=?? state=??
probe type=5 widget=Text delta=0 num=1 state=256
probe type=5 widget=Text delta=0 num=1 state=256
probe type=8 widget=Text delta=0 num=?? state=0
probe type=8 widget=Frame delta=0 num=?? state=0
probe type=7 widget=Frame delta=0 num=?? state=0
probe type=8 widget=Frame delta=0 num=?? state=0
probe type=7 widget=Frame delta=0 num=?? state=0
probe type=8 widget=Frame delta=0 num=?? state=0
probe type=7 widget=Frame delta=0 num=?? state=0
probe type=7 widget=Button delta=0 num=?? state=0
probe type=8 widget=Button delta=0 num=?? state=0
probe type=7 widget=Frame delta=0 num=?? state=0
probe type=8 widget=Frame delta=0 num=?? state=0
probe type=7 widget=Button delta=0 num=?? state=0
probe type=8 widget=Button delta=0 num=?? state=0
probe type=7 widget=Frame delta=0 num=?? state=0
probe type=8 widget=Frame delta=0 num=?? state=0
probe type=7 widget=Button delta=0 num=?? state=0
probe type=4 widget=Button delta=0 num=1 state=0
probe type=4 widget=Button delta=0 num=1 state=0
probe type=5 widget=Button delta=0 num=1 state=256
probe type=5 widget=Button delta=0 num=1 state=256
probe type=8 widget=Button delta=0 num=?? state=0
probe type=7 widget=Button delta=0 num=?? state=0
probe type=8 widget=Button delta=0 num=?? state=0
probe type=8 widget=Frame delta=0 num=?? state=0
probe type=7 widget=Frame delta=0 num=?? state=0
probe type=8 widget=Frame delta=0 num=?? state=0
probe type=7 widget=Frame delta=0 num=?? state=0
probe type=7 widget=Frame delta=0 num=?? state=0
probe type=7 widget=Text delta=0 num=?? state=0
probe type=8 widget=Text delta=0 num=?? state=0
probe type=8 widget=Frame delta=0 num=?? state=0
probe type=7 widget=Label delta=0 num=?? state=0
probe type=8 widget=Label delta=0 num=?? state=0
probe type=8 widget=Frame delta=0 num=?? state=0
probe type=7 widget=Frame delta=0 num=?? state=0
probe type=7 widget=Frame delta=0 num=?? state=0
probe type=7 widget=Frame delta=0 num=?? state=0
probe type=7 widget=Canvas delta=0 num=?? state=0
probe type=8 widget=Canvas delta=0 num=?? state=0
probe type=8 widget=Frame delta=0 num=?? state=0
probe type=8 widget=Frame delta=0 num=?? state=0
probe type=7 widget=Frame delta=0 num=?? state=0
probe type=8 widget=Frame delta=0 num=?? state=0
probe type=7 widget=Frame delta=0 num=?? state=0
probe type=8 widget=Frame delta=0 num=?? state=0
probe type=8 widget=Frame delta=0 num=?? state=0
probe type=8 widget=Canvas delta=0 num=?? state=0
probe type=7 widget=Canvas delta=0 num=?? state=0
probe type=10 widget=Text delta=0 num=?? state=??
probe type=10 widget=Frame delta=0 num=?? state=??
probe type=10 widget=Frame delta=0 num=?? state=??
probe type=10 widget=Frame delta=0 num=?? state=??
probe type=10 widget=Frame delta=0 num=?? state=??
probe type=9 widget=Canvas delta=0 num=?? state=??
probe type=7 widget=Frame delta=0 num=?? state=0
probe type=7 widget=Frame delta=0 num=?? state=0
probe type=8 widget=Frame delta=0 num=?? state=0
probe type=7 widget=Frame delta=0 num=?? state=0
probe type=8 widget=Frame delta=0 num=?? state=0
probe type=7 widget=Frame delta=0 num=?? state=0
probe type=7 widget=Frame delta=0 num=?? state=0
probe type=7 widget=Canvas delta=0 num=?? state=0
probe type=8 widget=Canvas delta=0 num=?? state=0
probe type=7 widget=Frame delta=0 num=?? state=0
probe type=8 widget=Frame delta=0 num=?? state=0
probe type=8 widget=Frame delta=0 num=?? state=0
probe type=7 widget=Frame delta=0 num=?? state=0
probe type=8 widget=Frame delta=0 num=?? state=0
probe type=7 widget=Frame delta=0 num=?? state=0
probe type=4 widget=Frame delta=0 num=1 state=0
drag start widget=Frame y=253
probe type=4 widget=Frame delta=0 num=1 state=0
probe type=5 widget=Frame delta=0 num=1 state=256
drag end widget=Frame y=253
probe type=5 widget=Frame delta=0 num=1 state=256
probe type=8 widget=Frame delta=0 num=?? state=0
probe type=7 widget=Frame delta=0 num=?? state=0
probe type=8 widget=Frame delta=0 num=?? state=0
probe type=7 widget=Frame delta=0 num=?? state=0
probe type=7 widget=Frame delta=0 num=?? state=0
probe type=7 widget=Canvas delta=0 num=?? state=0
probe type=8 widget=Canvas delta=0 num=?? state=0
probe type=8 widget=Frame delta=0 num=?? state=0
probe type=8 widget=Frame delta=0 num=?? state=0
probe type=7 widget=Frame delta=0 num=?? state=0
probe type=8 widget=Frame delta=0 num=?? state=0
probe type=7 widget=Frame delta=0 num=?? state=0
probe type=4 widget=Frame delta=0 num=1 state=0
drag start widget=Frame y=260
probe type=4 widget=Frame delta=0 num=1 state=0
drag scroll dy=-6 steps=1 widget=Frame
drag scroll dy=-6 steps=1 widget=Frame
drag scroll dy=-8 steps=1 widget=Frame
drag scroll dy=-6 steps=1 widget=Frame
drag scroll dy=-7 steps=1 widget=Frame
drag scroll dy=-6 steps=1 widget=Frame
drag scroll dy=-6 steps=1 widget=Frame
drag scroll dy=-6 steps=1 widget=Frame
drag scroll dy=-6 steps=1 widget=Frame
drag scroll dy=-9 steps=1 widget=Frame
drag scroll dy=-8 steps=1 widget=Frame
drag scroll dy=-10 steps=1 widget=Frame
drag scroll dy=-9 steps=1 widget=Frame
drag scroll dy=-6 steps=1 widget=Frame
drag scroll dy=-8 steps=1 widget=Frame
drag scroll dy=-7 steps=1 widget=Frame
drag scroll dy=-6 steps=1 widget=Frame
drag scroll dy=-7 steps=1 widget=Frame
drag scroll dy=-6 steps=1 widget=Frame
drag scroll dy=-8 steps=1 widget=Frame
drag scroll dy=-6 steps=1 widget=Frame
drag scroll dy=-7 steps=1 widget=Frame
drag scroll dy=-6 steps=1 widget=Frame
drag scroll dy=-6 steps=1 widget=Frame
probe type=8 widget=Frame delta=0 num=?? state=256
probe type=5 widget=Frame delta=0 num=1 state=256
drag end widget=Frame y=90
probe type=5 widget=Frame delta=0 num=1 state=256
probe type=8 widget=Frame delta=0 num=?? state=0
probe type=7 widget=Frame delta=0 num=?? state=0
probe type=7 widget=Frame delta=0 num=?? state=0
probe type=7 widget=Frame delta=0 num=?? state=0
probe type=7 widget=Text delta=0 num=?? state=0
probe type=8 widget=Text delta=0 num=?? state=0
probe type=8 widget=Frame delta=0 num=?? state=0
probe type=7 widget=Frame delta=0 num=?? state=0
probe type=8 widget=Frame delta=0 num=?? state=0
probe type=7 widget=Frame delta=0 num=?? state=0
probe type=8 widget=Frame delta=0 num=?? state=0
probe type=7 widget=Frame delta=0 num=?? state=0
probe type=7 widget=Button delta=0 num=?? state=0
probe type=8 widget=Button delta=0 num=?? state=0
probe type=8 widget=Frame delta=0 num=?? state=0
probe type=8 widget=Frame delta=0 num=?? state=0
probe type=8 widget=Frame delta=0 num=?? state=0
probe type=8 widget=Canvas delta=0 num=?? state=0
probe type=7 widget=Canvas delta=0 num=?? state=0
probe type=7 widget=Frame delta=0 num=?? state=0
probe type=7 widget=Frame delta=0 num=?? state=0
probe type=7 widget=Frame delta=0 num=?? state=0
probe type=7 widget=Button delta=0 num=?? state=0
probe type=8 widget=Button delta=0 num=?? state=0
probe type=7 widget=Button delta=0 num=?? state=0
probe type=8 widget=Button delta=0 num=?? state=0
probe type=8 widget=Frame delta=0 num=?? state=0
probe type=7 widget=Frame delta=0 num=?? state=0
probe type=4 widget=Frame delta=0 num=1 state=0
drag start widget=Frame y=332
probe type=4 widget=Frame delta=0 num=1 state=0
drag scroll dy=-6 steps=1 widget=Frame
drag scroll dy=-7 steps=1 widget=Frame
drag scroll dy=-8 steps=1 widget=Frame
drag scroll dy=-6 steps=1 widget=Frame
drag scroll dy=-7 steps=1 widget=Frame
probe type=8 widget=Frame delta=0 num=?? state=256
probe type=5 widget=Frame delta=0 num=1 state=256
drag end widget=Frame y=294
probe type=5 widget=Frame delta=0 num=1 state=256
probe type=8 widget=Frame delta=0 num=?? state=0
probe type=7 widget=Frame delta=0 num=?? state=0
probe type=8 widget=Frame delta=0 num=?? state=0
probe type=7 widget=Frame delta=0 num=?? state=0
probe type=8 widget=Frame delta=0 num=?? state=0
probe type=7 widget=Frame delta=0 num=?? state=0
probe type=8 widget=Frame delta=0 num=?? state=0
probe type=7 widget=Frame delta=0 num=?? state=0
probe type=8 widget=Frame delta=0 num=?? state=0
probe type=7 widget=Frame delta=0 num=?? state=0
probe type=7 widget=Button delta=0 num=?? state=0
probe type=8 widget=Button delta=0 num=?? state=0
probe type=7 widget=Frame delta=0 num=?? state=0
probe type=8 widget=Frame delta=0 num=?? state=0
probe type=7 widget=Button delta=0 num=?? state=0
probe type=4 widget=Button delta=0 num=1 state=0
probe type=4 widget=Button delta=0 num=1 state=0
probe type=5 widget=Button delta=0 num=1 state=256
probe type=5 widget=Button delta=0 num=1 state=256
probe type=8 widget=Button delta=0 num=?? state=0
probe type=8 widget=Frame delta=0 num=?? state=0
probe type=7 widget=Frame delta=0 num=?? state=0
probe type=8 widget=Frame delta=0 num=?? state=0
probe type=7 widget=Frame delta=0 num=?? state=0
probe type=7 widget=Scrollbar delta=0 num=?? state=0
probe type=8 widget=Scrollbar delta=0 num=?? state=0
probe type=7 widget=Text delta=0 num=?? state=0
probe type=8 widget=Text delta=0 num=?? state=0
probe type=7 widget=Scrollbar delta=0 num=?? state=0
probe type=8 widget=Scrollbar delta=0 num=?? state=0
probe type=7 widget=Text delta=0 num=?? state=0
probe type=8 widget=Text delta=0 num=?? state=0
probe type=7 widget=Scrollbar delta=0 num=?? state=0
probe type=8 widget=Scrollbar delta=0 num=?? state=0
probe type=8 widget=Frame delta=0 num=?? state=0
probe type=7 widget=Frame delta=0 num=?? state=0
probe type=4 widget=Frame delta=0 num=1 state=0
drag start widget=Frame y=213
probe type=4 widget=Frame delta=0 num=1 state=0
drag scroll dy=-6 steps=1 widget=Frame
drag scroll dy=-6 steps=1 widget=Frame
drag scroll dy=-6 steps=1 widget=Frame
drag scroll dy=-6 steps=1 widget=Frame
drag scroll dy=-6 steps=1 widget=Frame
drag scroll dy=-6 steps=1 widget=Frame
drag scroll dy=-6 steps=1 widget=Frame
probe type=8 widget=Frame delta=0 num=?? state=256
probe type=5 widget=Frame delta=0 num=1 state=256
drag end widget=Frame y=171
probe type=5 widget=Frame delta=0 num=1 state=256
probe type=8 widget=Frame delta=0 num=?? state=0
probe type=7 widget=Frame delta=0 num=?? state=0
probe type=7 widget=Frame delta=0 num=?? state=0
probe type=7 widget=Frame delta=0 num=?? state=0
probe type=7 widget=Text delta=0 num=?? state=0
probe type=8 widget=Text delta=0 num=?? state=0
probe type=8 widget=Frame delta=0 num=?? state=0
probe type=8 widget=Frame delta=0 num=?? state=0
probe type=7 widget=Frame delta=0 num=?? state=0
probe type=8 widget=Frame delta=0 num=?? state=0
probe type=7 widget=Frame delta=0 num=?? state=0
probe type=7 widget=Frame delta=0 num=?? state=0
probe type=7 widget=Frame delta=0 num=?? state=0
probe type=8 widget=Frame delta=0 num=?? state=0
probe type=7 widget=Canvas delta=0 num=?? state=0
probe type=8 widget=Canvas delta=0 num=?? state=0
probe type=8 widget=Frame delta=0 num=?? state=0
probe type=8 widget=Frame delta=0 num=?? state=0
probe type=7 widget=Frame delta=0 num=?? state=0
probe type=8 widget=Frame delta=0 num=?? state=0
probe type=7 widget=Frame delta=0 num=?? state=0
probe type=7 widget=Text delta=0 num=?? state=0
probe type=8 widget=Text delta=0 num=?? state=0
probe type=8 widget=Frame delta=0 num=?? state=0
probe type=7 widget=Frame delta=0 num=?? state=0
probe type=8 widget=Frame delta=0 num=?? state=0
probe type=7 widget=Frame delta=0 num=?? state=0
probe type=7 widget=Text delta=0 num=?? state=0
probe type=8 widget=Text delta=0 num=?? state=0
probe type=8 widget=Frame delta=0 num=?? state=0
probe type=7 widget=Frame delta=0 num=?? state=0
probe type=8 widget=Frame delta=0 num=?? state=0
probe type=7 widget=Frame delta=0 num=?? state=0
probe type=7 widget=Frame delta=0 num=?? state=0
probe type=7 widget=Canvas delta=0 num=?? state=0
probe type=8 widget=Canvas delta=0 num=?? state=0
probe type=8 widget=Frame delta=0 num=?? state=0
probe type=8 widget=Frame delta=0 num=?? state=0
probe type=7 widget=Frame delta=0 num=?? state=0
probe type=8 widget=Frame delta=0 num=?? state=0
probe type=7 widget=Frame delta=0 num=?? state=0
probe type=8 widget=Frame delta=0 num=?? state=0
probe type=7 widget=Frame delta=0 num=?? state=0
probe type=8 widget=Frame delta=0 num=?? state=0
probe type=7 widget=Frame delta=0 num=?? state=0
probe type=7 widget=Text delta=0 num=?? state=0
probe type=4 widget=Text delta=0 num=1 state=0
probe type=4 widget=Text delta=0 num=1 state=0
probe type=10 widget=Canvas delta=0 num=?? state=??
probe type=9 widget=Frame delta=0 num=?? state=??
probe type=9 widget=Frame delta=0 num=?? state=??
probe type=9 widget=Frame delta=0 num=?? state=??
probe type=9 widget=Frame delta=0 num=?? state=??
probe type=9 widget=Text delta=0 num=?? state=??
probe type=8 widget=Text delta=0 num=?? state=256
probe type=5 widget=Text delta=0 num=1 state=256
probe type=5 widget=Text delta=0 num=1 state=256
probe type=8 widget=Text delta=0 num=?? state=0
probe type=8 widget=Frame delta=0 num=?? state=0
probe type=7 widget=Frame delta=0 num=?? state=0
probe type=8 widget=Frame delta=0 num=?? state=0
probe type=7 widget=Frame delta=0 num=?? state=0
probe type=7 widget=Text delta=0 num=?? state=0
probe type=4 widget=Text delta=0 num=1 state=0
probe type=4 widget=Text delta=0 num=1 state=0
probe type=5 widget=Text delta=0 num=1 state=256
probe type=5 widget=Text delta=0 num=1 state=256
probe type=8 widget=Text delta=0 num=?? state=0
probe type=8 widget=Frame delta=0 num=?? state=0
probe type=8 widget=Frame delta=0 num=?? state=0
probe type=7 widget=Frame delta=0 num=?? state=0
probe type=8 widget=Frame delta=0 num=?? state=0
probe type=7 widget=Frame delta=0 num=?? state=0
probe type=7 widget=Frame delta=0 num=?? state=0
probe type=7 widget=Canvas delta=0 num=?? state=0
probe type=8 widget=Canvas delta=0 num=?? state=0
probe type=7 widget=Frame delta=0 num=?? state=0
probe type=8 widget=Frame delta=0 num=?? state=0
probe type=8 widget=Frame delta=0 num=?? state=0
probe type=7 widget=Frame delta=0 num=?? state=0
probe type=8 widget=Frame delta=0 num=?? state=0
probe type=7 widget=Frame delta=0 num=?? state=0
probe type=8 widget=Frame delta=0 num=?? state=0
probe type=7 widget=Frame delta=0 num=?? state=0
probe type=8 widget=Frame delta=0 num=?? state=0
probe type=7 widget=Frame delta=0 num=?? state=0
probe type=7 widget=Text delta=0 num=?? state=0
probe type=8 widget=Text delta=0 num=?? state=0
probe type=8 widget=Frame delta=0 num=?? state=0
probe type=7 widget=Label delta=0 num=?? state=0
probe type=8 widget=Label delta=0 num=?? state=0
probe type=7 widget=Frame delta=0 num=?? state=0
probe type=7 widget=Text delta=0 num=?? state=0
probe type=4 widget=Text delta=0 num=1 state=0
probe type=4 widget=Text delta=0 num=1 state=0
probe type=5 widget=Text delta=0 num=1 state=256
probe type=5 widget=Text delta=0 num=1 state=256
probe type=8 widget=Text delta=0 num=?? state=0
probe type=8 widget=Frame delta=0 num=?? state=0
probe type=8 widget=Frame delta=0 num=?? state=0
probe type=7 widget=Frame delta=0 num=?? state=0
probe type=7 widget=Frame delta=0 num=?? state=0
probe type=7 widget=Frame delta=0 num=?? state=0
probe type=7 widget=Canvas delta=0 num=?? state=0
probe type=8 widget=Canvas delta=0 num=?? state=0
probe type=8 widget=Frame delta=0 num=?? state=0
probe type=8 widget=Frame delta=0 num=?? state=0
probe type=7 widget=Frame delta=0 num=?? state=0
probe type=8 widget=Frame delta=0 num=?? state=0
probe type=7 widget=Frame delta=0 num=?? state=0
probe type=7 widget=Text delta=0 num=?? state=0
probe type=4 widget=Text delta=0 num=1 state=0
probe type=4 widget=Text delta=0 num=1 state=0
probe type=10 widget=Text delta=0 num=?? state=??
probe type=10 widget=Frame delta=0 num=?? state=??
probe type=10 widget=Frame delta=0 num=?? state=??
probe type=9 widget=Frame delta=0 num=?? state=??
probe type=9 widget=Frame delta=0 num=?? state=??
probe type=9 widget=Text delta=0 num=?? state=??
probe type=5 widget=Text delta=0 num=1 state=256
probe type=5 widget=Text delta=0 num=1 state=256
probe type=8 widget=Text delta=0 num=?? state=0
probe type=8 widget=Frame delta=0 num=?? state=0
probe type=7 widget=Frame delta=0 num=?? state=0
probe type=7 widget=Frame delta=0 num=?? state=0
probe type=7 widget=Canvas delta=0 num=?? state=0
probe type=8 widget=Canvas delta=0 num=?? state=0
probe type=8 widget=Frame delta=0 num=?? state=0
probe type=8 widget=Frame delta=0 num=?? state=0
probe type=7 widget=Frame delta=0 num=?? state=0
probe type=8 widget=Frame delta=0 num=?? state=0
probe type=7 widget=Frame delta=0 num=?? state=0
probe type=8 widget=Frame delta=0 num=?? state=0
probe type=7 widget=Frame delta=0 num=?? state=0
probe type=7 widget=Text delta=0 num=?? state=0
probe type=4 widget=Text delta=0 num=1 state=0
probe type=4 widget=Text delta=0 num=1 state=0
probe type=10 widget=Text delta=0 num=?? state=??
probe type=10 widget=Frame delta=0 num=?? state=??
probe type=10 widget=Frame delta=0 num=?? state=??
probe type=9 widget=Frame delta=0 num=?? state=??
probe type=9 widget=Frame delta=0 num=?? state=??
probe type=9 widget=Text delta=0 num=?? state=??
probe type=8 widget=Text delta=0 num=?? state=256
probe type=5 widget=Text delta=0 num=1 state=256
probe type=5 widget=Text delta=0 num=1 state=256
probe type=8 widget=Text delta=0 num=?? state=0
probe type=8 widget=Frame delta=0 num=?? state=0
probe type=8 widget=Frame delta=0 num=?? state=0
probe type=7 widget=Frame delta=0 num=?? state=0
probe type=8 widget=Frame delta=0 num=?? state=0
probe type=7 widget=Frame delta=0 num=?? state=0
probe type=8 widget=Frame delta=0 num=?? state=0
probe type=7 widget=Frame delta=0 num=?? state=0
probe type=7 widget=Frame delta=0 num=?? state=0
probe type=7 widget=Text delta=0 num=?? state=0
probe type=4 widget=Text delta=0 num=1 state=0
probe type=4 widget=Text delta=0 num=1 state=0
probe type=5 widget=Text delta=0 num=1 state=256
probe type=5 widget=Text delta=0 num=1 state=256
probe type=4 widget=Text delta=0 num=1 state=0
probe type=4 widget=Text delta=0 num=1 state=0
probe type=5 widget=Text delta=0 num=1 state=256
probe type=5 widget=Text delta=0 num=1 state=256
probe type=4 widget=Text delta=0 num=1 state=0
probe type=4 widget=Text delta=0 num=1 state=0
probe type=5 widget=Text delta=0 num=1 state=256
probe type=5 widget=Text delta=0 num=1 state=256
probe type=8 widget=Text delta=0 num=?? state=0
probe type=8 widget=Frame delta=0 num=?? state=0
probe type=7 widget=Frame delta=0 num=?? state=0
probe type=8 widget=Frame delta=0 num=?? state=0
probe type=7 widget=Frame delta=0 num=?? state=0
probe type=4 widget=Frame delta=0 num=1 state=0
drag start widget=Frame y=326
probe type=4 widget=Frame delta=0 num=1 state=0
drag scroll dy=-6 steps=1 widget=Frame
drag scroll dy=-6 steps=1 widget=Frame
drag scroll dy=-7 steps=1 widget=Frame
drag scroll dy=-6 steps=1 widget=Frame
drag scroll dy=-6 steps=1 widget=Frame
drag scroll dy=-6 steps=1 widget=Frame
probe type=8 widget=Frame delta=0 num=?? state=256
probe type=5 widget=Frame delta=0 num=1 state=256
drag end widget=Frame y=289
probe type=5 widget=Frame delta=0 num=1 state=256
probe type=8 widget=Frame delta=0 num=?? state=0
probe type=7 widget=Frame delta=0 num=?? state=0
probe type=8 widget=Frame delta=0 num=?? state=0
probe type=7 widget=Frame delta=0 num=?? state=0
probe type=8 widget=Frame delta=0 num=?? state=0
probe type=7 widget=Frame delta=0 num=?? state=0
probe type=7 widget=Frame delta=0 num=?? state=0
probe type=8 widget=Frame delta=0 num=?? state=0
probe type=7 widget=Frame delta=0 num=?? state=0
probe type=8 widget=Frame delta=0 num=?? state=0
probe type=7 widget=Frame delta=0 num=?? state=0
probe type=7 widget=Button delta=0 num=?? state=0
probe type=8 widget=Button delta=0 num=?? state=0
probe type=7 widget=Button delta=0 num=?? state=0
probe type=8 widget=Button delta=0 num=?? state=0
probe type=7 widget=Frame delta=0 num=?? state=0
probe type=8 widget=Frame delta=0 num=?? state=0
probe type=7 widget=Button delta=0 num=?? state=0
probe type=4 widget=Button delta=0 num=1 state=0
probe type=4 widget=Button delta=0 num=1 state=0
probe type=5 widget=Button delta=0 num=1 state=256
probe type=5 widget=Button delta=0 num=1 state=256
probe type=8 widget=Button delta=0 num=?? state=0
probe type=8 widget=Frame delta=0 num=?? state=0
probe type=7 widget=Frame delta=0 num=?? state=0
probe type=8 widget=Frame delta=0 num=?? state=0
probe type=7 widget=Frame delta=0 num=?? state=0
probe type=7 widget=Scrollbar delta=0 num=?? state=0
probe type=8 widget=Scrollbar delta=0 num=?? state=0
probe type=8 widget=Frame delta=0 num=?? state=0
probe type=7 widget=Frame delta=0 num=?? state=0
probe type=8 widget=Frame delta=0 num=?? state=0
probe type=7 widget=Frame delta=0 num=?? state=0
probe type=8 widget=Frame delta=0 num=?? state=0
probe type=7 widget=Frame delta=0 num=?? state=0
probe type=8 widget=Frame delta=0 num=?? state=0
probe type=7 widget=Frame delta=0 num=?? state=0
probe type=8 widget=Frame delta=0 num=?? state=0
probe type=7 widget=Frame delta=0 num=?? state=0
probe type=4 widget=Frame delta=0 num=1 state=0
drag start widget=Frame y=289
probe type=4 widget=Frame delta=0 num=1 state=0
probe type=8 widget=Frame delta=0 num=?? state=256
drag scroll dy=-6 steps=1 widget=Frame
drag scroll dy=-6 steps=1 widget=Frame
drag scroll dy=-7 steps=1 widget=Frame
drag scroll dy=-7 steps=1 widget=Frame
drag scroll dy=-7 steps=1 widget=Frame
drag scroll dy=-6 steps=1 widget=Frame
drag scroll dy=-8 steps=1 widget=Frame
drag scroll dy=-6 steps=1 widget=Frame
drag scroll dy=-7 steps=1 widget=Frame
probe type=7 widget=Frame delta=0 num=?? state=256
probe type=5 widget=Frame delta=0 num=1 state=256
drag end widget=Frame y=225
probe type=5 widget=Frame delta=0 num=1 state=256
probe type=4 widget=Frame delta=0 num=1 state=0
drag start widget=Frame y=264
probe type=4 widget=Frame delta=0 num=1 state=0
drag scroll dy=-6 steps=1 widget=Frame
drag scroll dy=-6 steps=1 widget=Frame
drag scroll dy=-6 steps=1 widget=Frame
drag scroll dy=-6 steps=1 widget=Frame
drag scroll dy=8 steps=-1 widget=Frame
drag scroll dy=6 steps=-1 widget=Frame
drag scroll dy=6 steps=-1 widget=Frame
drag scroll dy=-8 steps=1 widget=Frame
drag scroll dy=-7 steps=1 widget=Frame
drag scroll dy=-6 steps=1 widget=Frame
drag scroll dy=-6 steps=1 widget=Frame
drag scroll dy=-6 steps=1 widget=Frame
drag scroll dy=-7 steps=1 widget=Frame
drag scroll dy=-6 steps=1 widget=Frame
drag scroll dy=-6 steps=1 widget=Frame
drag scroll dy=-6 steps=1 widget=Frame
drag scroll dy=-6 steps=1 widget=Frame
drag scroll dy=-8 steps=1 widget=Frame
drag scroll dy=-7 steps=1 widget=Frame
drag scroll dy=-6 steps=1 widget=Frame
drag scroll dy=-6 steps=1 widget=Frame
drag scroll dy=-6 steps=1 widget=Frame
probe type=8 widget=Frame delta=0 num=?? state=256
probe type=5 widget=Frame delta=0 num=1 state=256
drag end widget=Frame y=160
probe type=5 widget=Frame delta=0 num=1 state=256
probe type=8 widget=Frame delta=0 num=?? state=0
probe type=7 widget=Frame delta=0 num=?? state=0
probe type=8 widget=Frame delta=0 num=?? state=0
probe type=7 widget=Frame delta=0 num=?? state=0
probe type=8 widget=Frame delta=0 num=?? state=0
probe type=7 widget=Frame delta=0 num=?? state=0
probe type=8 widget=Frame delta=0 num=?? state=0
probe type=7 widget=Frame delta=0 num=?? state=0
probe type=4 widget=Frame delta=0 num=1 state=0
drag start widget=Frame y=368
probe type=4 widget=Frame delta=0 num=1 state=0
drag scroll dy=-6 steps=1 widget=Frame
drag scroll dy=-6 steps=1 widget=Frame
drag scroll dy=-8 steps=1 widget=Frame
drag scroll dy=-7 steps=1 widget=Frame
drag scroll dy=-6 steps=1 widget=Frame
drag scroll dy=-6 steps=1 widget=Frame
probe type=5 widget=Frame delta=0 num=1 state=256
drag end widget=Frame y=327
probe type=5 widget=Frame delta=0 num=1 state=256
probe type=8 widget=Frame delta=0 num=?? state=0
probe type=7 widget=Frame delta=0 num=?? state=0
probe type=7 widget=Text delta=0 num=?? state=0
probe type=4 widget=Text delta=0 num=1 state=0
probe type=4 widget=Text delta=0 num=1 state=0
probe type=10 widget=Text delta=0 num=?? state=??
probe type=10 widget=Frame delta=0 num=?? state=??
probe type=10 widget=Frame delta=0 num=?? state=??
probe type=10 widget=Frame delta=0 num=?? state=??
probe type=9 widget=Frame delta=0 num=?? state=??
probe type=9 widget=Frame delta=0 num=?? state=??
probe type=9 widget=Frame delta=0 num=?? state=??
probe type=9 widget=Text delta=0 num=?? state=??
probe type=5 widget=Text delta=0 num=1 state=256
probe type=5 widget=Text delta=0 num=1 state=256
probe type=8 widget=Text delta=0 num=?? state=0
probe type=8 widget=Frame delta=0 num=?? state=0
probe type=7 widget=Frame delta=0 num=?? state=0
probe type=8 widget=Frame delta=0 num=?? state=0
probe type=7 widget=Frame delta=0 num=?? state=0
probe type=8 widget=Frame delta=0 num=?? state=0
probe type=7 widget=Frame delta=0 num=?? state=0
probe type=8 widget=Frame delta=0 num=?? state=0
probe type=7 widget=Frame delta=0 num=?? state=0
probe type=8 widget=Frame delta=0 num=?? state=0
probe type=7 widget=Frame delta=0 num=?? state=0
probe type=8 widget=Frame delta=0 num=?? state=0
probe type=7 widget=Frame delta=0 num=?? state=0
probe type=7 widget=Text delta=0 num=?? state=0
probe type=8 widget=Text delta=0 num=?? state=0
probe type=8 widget=Frame delta=0 num=?? state=0
probe type=7 widget=Frame delta=0 num=?? state=0
probe type=8 widget=Frame delta=0 num=?? state=0
probe type=7 widget=Frame delta=0 num=?? state=0
probe type=4 widget=Frame delta=0 num=1 state=0
drag start widget=Frame y=359
probe type=4 widget=Frame delta=0 num=1 state=0
drag scroll dy=-6 steps=1 widget=Frame
drag scroll dy=-6 steps=1 widget=Frame
drag scroll dy=-7 steps=1 widget=Frame
drag scroll dy=-7 steps=1 widget=Frame
drag scroll dy=-7 steps=1 widget=Frame
drag scroll dy=-7 steps=1 widget=Frame
drag scroll dy=-7 steps=1 widget=Frame
drag scroll dy=-6 steps=1 widget=Frame
drag scroll dy=-6 steps=1 widget=Frame
drag scroll dy=-7 steps=1 widget=Frame
drag scroll dy=-7 steps=1 widget=Frame
drag scroll dy=-6 steps=1 widget=Frame
drag scroll dy=-6 steps=1 widget=Frame
drag scroll dy=-6 steps=1 widget=Frame
drag scroll dy=-6 steps=1 widget=Frame
drag scroll dy=-6 steps=1 widget=Frame
drag scroll dy=-6 steps=1 widget=Frame
drag scroll dy=-6 steps=1 widget=Frame
drag scroll dy=-6 steps=1 widget=Frame
drag scroll dy=-6 steps=1 widget=Frame
drag scroll dy=-6 steps=1 widget=Frame
drag scroll dy=-6 steps=1 widget=Frame
drag scroll dy=-6 steps=1 widget=Frame
drag scroll dy=-6 steps=1 widget=Frame
drag scroll dy=-6 steps=1 widget=Frame
drag scroll dy=-6 steps=1 widget=Frame
drag scroll dy=-7 steps=1 widget=Frame
drag scroll dy=-6 steps=1 widget=Frame
drag scroll dy=-7 steps=1 widget=Frame
drag scroll dy=-6 steps=1 widget=Frame
drag scroll dy=-7 steps=1 widget=Frame
drag scroll dy=-7 steps=1 widget=Frame
drag scroll dy=-6 steps=1 widget=Frame
drag scroll dy=-6 steps=1 widget=Frame
drag scroll dy=-6 steps=1 widget=Frame
drag scroll dy=-6 steps=1 widget=Frame
drag scroll dy=-6 steps=1 widget=Frame
drag scroll dy=-7 steps=1 widget=Frame
drag scroll dy=-6 steps=1 widget=Frame
drag scroll dy=-6 steps=1 widget=Frame
drag scroll dy=-6 steps=1 widget=Frame
drag scroll dy=-7 steps=1 widget=Frame
drag scroll dy=-6 steps=1 widget=Frame
drag scroll dy=-6 steps=1 widget=Frame
drag scroll dy=-8 steps=1 widget=Frame
drag scroll dy=-6 steps=1 widget=Frame
drag scroll dy=-6 steps=1 widget=Frame
drag scroll dy=-6 steps=1 widget=Frame
drag scroll dy=-6 steps=1 widget=Frame
drag scroll dy=-6 steps=1 widget=Frame
drag scroll dy=-6 steps=1 widget=Frame
drag scroll dy=-6 steps=1 widget=Frame
drag scroll dy=-6 steps=1 widget=Frame
drag scroll dy=-6 steps=1 widget=Frame
drag scroll dy=-7 steps=1 widget=Frame
drag scroll dy=-6 steps=1 widget=Frame
drag scroll dy=-6 steps=1 widget=Frame
drag scroll dy=-6 steps=1 widget=Frame
drag scroll dy=-6 steps=1 widget=Frame
probe type=8 widget=Frame delta=0 num=?? state=256
probe type=5 widget=Frame delta=0 num=1 state=256
drag end widget=Frame y=-13
probe type=5 widget=Frame delta=0 num=1 state=256
probe type=8 widget=Frame delta=0 num=?? state=0
probe type=7 widget=Frame delta=0 num=?? state=0
probe type=8 widget=Frame delta=0 num=?? state=0
probe type=7 widget=Frame delta=0 num=?? state=0
probe type=7 widget=Scrollbar delta=0 num=?? state=0
probe type=8 widget=Scrollbar delta=0 num=?? state=0
probe type=7 widget=Text delta=0 num=?? state=0
probe type=8 widget=Text delta=0 num=?? state=0
probe type=8 widget=Frame delta=0 num=?? state=0
probe type=7 widget=Frame delta=0 num=?? state=0
probe type=8 widget=Frame delta=0 num=?? state=0
probe type=7 widget=Frame delta=0 num=?? state=0
probe type=8 widget=Frame delta=0 num=?? state=0
probe type=7 widget=Frame delta=0 num=?? state=0
probe type=7 widget=Label delta=0 num=?? state=0
probe type=8 widget=Label delta=0 num=?? state=0
probe type=7 widget=Frame delta=0 num=?? state=0
probe type=8 widget=Frame delta=0 num=?? state=0
probe type=7 widget=Label delta=0 num=?? state=0
probe type=4 widget=Label delta=0 num=1 state=0
drag start widget=Label y=253
probe type=4 widget=Label delta=0 num=1 state=0
drag scroll dy=-6 steps=1 widget=Label
drag scroll dy=-6 steps=1 widget=Label
drag scroll dy=-6 steps=1 widget=Label
drag scroll dy=-6 steps=1 widget=Label
probe type=8 widget=Label delta=0 num=?? state=256
probe type=5 widget=Label delta=0 num=1 state=256
drag end widget=Label y=229
probe type=5 widget=Label delta=0 num=1 state=256
probe type=8 widget=Label delta=0 num=?? state=0
probe type=7 widget=Frame delta=0 num=?? state=0
probe type=7 widget=Frame delta=0 num=?? state=0
probe type=7 widget=Frame delta=0 num=?? state=0
probe type=7 widget=Canvas delta=0 num=?? state=0
probe type=8 widget=Canvas delta=0 num=?? state=0
probe type=8 widget=Frame delta=0 num=?? state=0
probe type=8 widget=Frame delta=0 num=?? state=0
probe type=7 widget=Frame delta=0 num=?? state=0
probe type=8 widget=Frame delta=0 num=?? state=0
probe type=7 widget=Frame delta=0 num=?? state=0
probe type=7 widget=Text delta=0 num=?? state=0
probe type=4 widget=Text delta=0 num=1 state=0
probe type=4 widget=Text delta=0 num=1 state=0
probe type=10 widget=Text delta=0 num=?? state=??
probe type=10 widget=Frame delta=0 num=?? state=??
probe type=10 widget=Frame delta=0 num=?? state=??
probe type=10 widget=Frame delta=0 num=?? state=??
probe type=9 widget=Frame delta=0 num=?? state=??
probe type=9 widget=Frame delta=0 num=?? state=??
probe type=9 widget=Frame delta=0 num=?? state=??
probe type=9 widget=Text delta=0 num=?? state=??
probe type=5 widget=Text delta=0 num=1 state=256
probe type=5 widget=Text delta=0 num=1 state=256
probe type=8 widget=Text delta=0 num=?? state=0
probe type=8 widget=Frame delta=0 num=?? state=0
probe type=7 widget=Frame delta=0 num=?? state=0
probe type=8 widget=Frame delta=0 num=?? state=0
probe type=7 widget=Frame delta=0 num=?? state=0
probe type=7 widget=Frame delta=0 num=?? state=0
probe type=7 widget=Canvas delta=0 num=?? state=0
probe type=8 widget=Canvas delta=0 num=?? state=0
probe type=7 widget=Frame delta=0 num=?? state=0
probe type=8 widget=Frame delta=0 num=?? state=0
probe type=8 widget=Frame delta=0 num=?? state=0
probe type=7 widget=Frame delta=0 num=?? state=0
probe type=8 widget=Frame delta=0 num=?? state=0
probe type=7 widget=Frame delta=0 num=?? state=0
probe type=8 widget=Frame delta=0 num=?? state=0
probe type=7 widget=Frame delta=0 num=?? state=0
probe type=8 widget=Frame delta=0 num=?? state=0
probe type=7 widget=Frame delta=0 num=?? state=0
probe type=4 widget=Frame delta=0 num=1 state=0
drag start widget=Frame y=68
probe type=4 widget=Frame delta=0 num=1 state=0
drag scroll dy=-6 steps=1 widget=Frame
drag scroll dy=-7 steps=1 widget=Frame
drag scroll dy=-7 steps=1 widget=Frame
drag scroll dy=-6 steps=1 widget=Frame
drag scroll dy=-6 steps=1 widget=Frame
drag scroll dy=-6 steps=1 widget=Frame
drag scroll dy=9 steps=-1 widget=Frame
drag scroll dy=6 steps=-1 widget=Frame
drag scroll dy=8 steps=-1 widget=Frame
drag scroll dy=7 steps=-1 widget=Frame
drag scroll dy=6 steps=-1 widget=Frame
drag scroll dy=6 steps=-1 widget=Frame
drag scroll dy=-6 steps=1 widget=Frame
probe type=5 widget=Frame delta=0 num=1 state=256
drag end widget=Frame y=66
probe type=5 widget=Frame delta=0 num=1 state=256
probe type=8 widget=Frame delta=0 num=?? state=0
probe type=7 widget=Frame delta=0 num=?? state=0
probe type=7 widget=Frame delta=0 num=?? state=0
probe type=7 widget=Frame delta=0 num=?? state=0
probe type=7 widget=Canvas delta=0 num=?? state=0
probe type=8 widget=Canvas delta=0 num=?? state=0
probe type=8 widget=Frame delta=0 num=?? state=0
probe type=8 widget=Frame delta=0 num=?? state=0
probe type=7 widget=Frame delta=0 num=?? state=0
probe type=8 widget=Frame delta=0 num=?? state=0
probe type=7 widget=Frame delta=0 num=?? state=0
probe type=7 widget=Text delta=0 num=?? state=0
probe type=4 widget=Text delta=0 num=1 state=0
probe type=4 widget=Text delta=0 num=1 state=0
probe type=5 widget=Text delta=0 num=1 state=256
probe type=5 widget=Text delta=0 num=1 state=256
probe type=8 widget=Text delta=0 num=?? state=0
probe type=7 widget=Label delta=0 num=?? state=0
probe type=8 widget=Label delta=0 num=?? state=0
probe type=8 widget=Frame delta=0 num=?? state=0
probe type=7 widget=Frame delta=0 num=?? state=0
probe type=8 widget=Frame delta=0 num=?? state=0
probe type=7 widget=Frame delta=0 num=?? state=0
probe type=8 widget=Frame delta=0 num=?? state=0
probe type=7 widget=Label delta=0 num=?? state=0
probe type=4 widget=Label delta=0 num=1 state=0
drag start widget=Label y=12
probe type=4 widget=Label delta=0 num=1 state=0
drag scroll dy=9 steps=-1 widget=Label
drag scroll dy=6 steps=-1 widget=Label
drag scroll dy=6 steps=-1 widget=Label
drag scroll dy=6 steps=-1 widget=Label
drag scroll dy=7 steps=-1 widget=Label
drag scroll dy=8 steps=-1 widget=Label
drag scroll dy=6 steps=-1 widget=Label
drag scroll dy=6 steps=-1 widget=Label
drag scroll dy=8 steps=-1 widget=Label
drag scroll dy=7 steps=-1 widget=Label
drag scroll dy=6 steps=-1 widget=Label
drag scroll dy=-6 steps=1 widget=Label
drag scroll dy=-7 steps=1 widget=Label
drag scroll dy=-6 steps=1 widget=Label
drag scroll dy=-7 steps=1 widget=Label
drag scroll dy=-6 steps=1 widget=Label
drag scroll dy=-6 steps=1 widget=Label
drag scroll dy=-6 steps=1 widget=Label
drag scroll dy=-6 steps=1 widget=Label
drag scroll dy=-6 steps=1 widget=Label
drag scroll dy=-6 steps=1 widget=Label
probe type=8 widget=Label delta=0 num=?? state=256
probe type=5 widget=Label delta=0 num=1 state=256
drag end widget=Label y=25
probe type=5 widget=Label delta=0 num=1 state=256
probe type=8 widget=Label delta=0 num=?? state=0
probe type=8 widget=Frame delta=0 num=?? state=0
probe type=7 widget=Frame delta=0 num=?? state=0
probe type=7 widget=Frame delta=0 num=?? state=0
probe type=8 widget=Frame delta=0 num=?? state=0
probe type=8 widget=Frame delta=0 num=?? state=0
probe type=7 widget=Frame delta=0 num=?? state=0
probe type=8 widget=Frame delta=0 num=?? state=0
probe type=7 widget=Frame delta=0 num=?? state=0
probe type=7 widget=Label delta=0 num=?? state=0
probe type=8 widget=Label delta=0 num=?? state=0
probe type=7 widget=Frame delta=0 num=?? state=0
probe type=8 widget=Frame delta=0 num=?? state=0
probe type=7 widget=Frame delta=0 num=?? state=0
probe type=8 widget=Frame delta=0 num=?? state=0
probe type=7 widget=Frame delta=0 num=?? state=0
probe type=7 widget=Label delta=0 num=?? state=0
probe type=8 widget=Label delta=0 num=?? state=0
probe type=7 widget=Frame delta=0 num=?? state=0
probe type=8 widget=Frame delta=0 num=?? state=0
probe type=7 widget=Text delta=0 num=?? state=0
probe type=8 widget=Text delta=0 num=?? state=0
probe type=7 widget=Frame delta=0 num=?? state=0
probe type=8 widget=Frame delta=0 num=?? state=0
probe type=7 widget=Label delta=0 num=?? state=0
probe type=4 widget=Label delta=0 num=1 state=0
drag start widget=Label y=129
probe type=4 widget=Label delta=0 num=1 state=0
probe type=5 widget=Label delta=0 num=1 state=256
drag end widget=Label y=129
probe type=5 widget=Label delta=0 num=1 state=256
probe type=8 widget=Label delta=0 num=?? state=0
probe type=7 widget=Text delta=0 num=?? state=0
probe type=8 widget=Text delta=0 num=?? state=0
probe type=8 widget=Frame delta=0 num=?? state=0
probe type=7 widget=Frame delta=0 num=?? state=0
probe type=7 widget=Frame delta=0 num=?? state=0
probe type=7 widget=Canvas delta=0 num=?? state=0
probe type=8 widget=Canvas delta=0 num=?? state=0
probe type=7 widget=Frame delta=0 num=?? state=0
probe type=8 widget=Frame delta=0 num=?? state=0
probe type=8 widget=Frame delta=0 num=?? state=0
probe type=7 widget=Frame delta=0 num=?? state=0
probe type=8 widget=Frame delta=0 num=?? state=0
probe type=7 widget=Frame delta=0 num=?? state=0
probe type=8 widget=Frame delta=0 num=?? state=0
probe type=7 widget=Frame delta=0 num=?? state=0
probe type=7 widget=Label delta=0 num=?? state=0
probe type=8 widget=Label delta=0 num=?? state=0
probe type=7 widget=Frame delta=0 num=?? state=0
probe type=8 widget=Frame delta=0 num=?? state=0
probe type=7 widget=Entry delta=0 num=?? state=0
probe type=4 widget=Entry delta=0 num=1 state=0
probe type=4 widget=Entry delta=0 num=1 state=0
probe type=10 widget=Text delta=0 num=?? state=??
probe type=10 widget=Frame delta=0 num=?? state=??
probe type=10 widget=Frame delta=0 num=?? state=??
probe type=9 widget=Frame delta=0 num=?? state=??
probe type=9 widget=Entry delta=0 num=?? state=??
probe type=8 widget=Entry delta=0 num=?? state=256
probe type=5 widget=Entry delta=0 num=1 state=256
probe type=5 widget=Entry delta=0 num=1 state=256
probe type=8 widget=Entry delta=0 num=?? state=0
probe type=7 widget=Frame delta=0 num=?? state=0
probe type=8 widget=Frame delta=0 num=?? state=0
probe type=7 widget=Entry delta=0 num=?? state=0
probe type=8 widget=Entry delta=0 num=?? state=0
probe type=7 widget=Frame delta=0 num=?? state=0
probe type=8 widget=Frame delta=0 num=?? state=0
probe type=7 widget=Label delta=0 num=?? state=0
probe type=8 widget=Label delta=0 num=?? state=0
probe type=7 widget=Frame delta=0 num=?? state=0
probe type=8 widget=Frame delta=0 num=?? state=0
probe type=7 widget=Entry delta=0 num=?? state=0
probe type=4 widget=Entry delta=0 num=1 state=0
probe type=4 widget=Entry delta=0 num=1 state=0
probe type=5 widget=Entry delta=0 num=1 state=256
probe type=5 widget=Entry delta=0 num=1 state=256
probe type=8 widget=Entry delta=0 num=?? state=0
probe type=7 widget=Frame delta=0 num=?? state=0
probe type=8 widget=Frame delta=0 num=?? state=0
probe type=7 widget=Label delta=0 num=?? state=0
probe type=8 widget=Label delta=0 num=?? state=0
probe type=7 widget=Frame delta=0 num=?? state=0
probe type=7 widget=Text delta=0 num=?? state=0
probe type=8 widget=Text delta=0 num=?? state=0
probe type=8 widget=Frame delta=0 num=?? state=0
probe type=8 widget=Frame delta=0 num=?? state=0
probe type=7 widget=Frame delta=0 num=?? state=0
probe type=8 widget=Frame delta=0 num=?? state=0
probe type=7 widget=Frame delta=0 num=?? state=0
probe type=7 widget=Frame delta=0 num=?? state=0
probe type=7 widget=Canvas delta=0 num=?? state=0
probe type=8 widget=Canvas delta=0 num=?? state=0
probe type=8 widget=Frame delta=0 num=?? state=0
probe type=8 widget=Frame delta=0 num=?? state=0
probe type=7 widget=Frame delta=0 num=?? state=0
probe type=8 widget=Frame delta=0 num=?? state=0
probe type=7 widget=Frame delta=0 num=?? state=0
probe type=7 widget=Text delta=0 num=?? state=0
probe type=4 widget=Text delta=0 num=1 state=0
probe type=4 widget=Text delta=0 num=1 state=0
probe type=10 widget=Entry delta=0 num=?? state=??
probe type=10 widget=Frame delta=0 num=?? state=??
probe type=9 widget=Frame delta=0 num=?? state=??
probe type=9 widget=Frame delta=0 num=?? state=??
probe type=9 widget=Text delta=0 num=?? state=??
probe type=5 widget=Text delta=0 num=1 state=256
probe type=5 widget=Text delta=0 num=1 state=256
probe type=4 widget=Text delta=0 num=1 state=0
probe type=4 widget=Text delta=0 num=1 state=0
probe type=5 widget=Text delta=0 num=1 state=256
probe type=5 widget=Text delta=0 num=1 state=256
probe type=8 widget=Text delta=0 num=?? state=0
probe type=8 widget=Frame delta=0 num=?? state=0
probe type=7 widget=Frame delta=0 num=?? state=0
probe type=7 widget=Frame delta=0 num=?? state=0
probe type=8 widget=Frame delta=0 num=?? state=0
probe type=7 widget=Canvas delta=0 num=?? state=0
probe type=8 widget=Canvas delta=0 num=?? state=0
probe type=8 widget=Frame delta=0 num=?? state=0
probe type=8 widget=Frame delta=0 num=?? state=0
probe type=7 widget=Frame delta=0 num=?? state=0
probe type=8 widget=Frame delta=0 num=?? state=0
probe type=7 widget=Frame delta=0 num=?? state=0
probe type=7 widget=Frame delta=0 num=?? state=0
probe type=7 widget=Text delta=0 num=?? state=0
probe type=8 widget=Text delta=0 num=?? state=0
probe type=8 widget=Frame delta=0 num=?? state=0
probe type=8 widget=Frame delta=0 num=?? state=0
probe type=8 widget=Frame delta=0 num=?? state=0
probe type=8 widget=Frame delta=0 num=?? state=0
probe type=8 widget=Canvas delta=0 num=?? state=0
probe type=7 widget=Canvas delta=0 num=?? state=0
probe type=10 widget=Text delta=0 num=?? state=??
probe type=10 widget=Frame delta=0 num=?? state=??
probe type=10 widget=Frame delta=0 num=?? state=??
probe type=10 widget=Frame delta=0 num=?? state=??
probe type=10 widget=Frame delta=0 num=?? state=??
probe type=9 widget=Canvas delta=0 num=?? state=??
probe type=7 widget=Frame delta=0 num=?? state=0
probe type=7 widget=Frame delta=0 num=?? state=0
probe type=7 widget=Frame delta=0 num=?? state=0
probe type=8 widget=Frame delta=0 num=?? state=0
probe type=8 widget=Frame delta=0 num=?? state=0
probe type=7 widget=Frame delta=0 num=?? state=0
probe type=7 widget=Frame delta=0 num=?? state=0
probe type=8 widget=Frame delta=0 num=?? state=0
probe type=7 widget=Frame delta=0 num=?? state=0
probe type=8 widget=Frame delta=0 num=?? state=0
probe type=8 widget=Frame delta=0 num=?? state=0
probe type=8 widget=Canvas delta=0 num=?? state=0
probe type=7 widget=Canvas delta=0 num=?? state=0
probe type=7 widget=Frame delta=0 num=?? state=0
probe type=7 widget=Frame delta=0 num=?? state=0
probe type=8 widget=Frame delta=0 num=?? state=0
probe type=7 widget=Frame delta=0 num=?? state=0
probe type=8 widget=Frame delta=0 num=?? state=0
probe type=7 widget=Entry delta=0 num=?? state=0
probe type=8 widget=Entry delta=0 num=?? state=0
probe type=7 widget=Frame delta=0 num=?? state=0
probe type=8 widget=Frame delta=0 num=?? state=8
probe type=7 widget=Entry delta=0 num=?? state=8
probe type=8 widget=Entry delta=0 num=?? state=8
probe type=7 widget=Frame delta=0 num=?? state=8
probe type=4 widget=Frame delta=0 num=1 state=0
drag start widget=Frame y=-81
probe type=4 widget=Frame delta=0 num=1 state=0
probe type=5 widget=Frame delta=0 num=1 state=256
drag end widget=Frame y=-81
probe type=5 widget=Frame delta=0 num=1 state=256
probe type=8 widget=Frame delta=0 num=?? state=0
probe type=7 widget=Frame delta=0 num=?? state=0
probe type=8 widget=Frame delta=0 num=?? state=0
probe type=7 widget=Frame delta=0 num=?? state=0
probe type=7 widget=Frame delta=0 num=?? state=0
probe type=8 widget=Frame delta=0 num=?? state=0
probe type=7 widget=Frame delta=0 num=?? state=0
probe type=8 widget=Frame delta=0 num=?? state=0
probe type=8 widget=Frame delta=0 num=?? state=0
probe type=8 widget=Canvas delta=0 num=?? state=0
probe type=4 widget=Button delta=0 num=1 state=0
probe type=5 widget=Button delta=0 num=1 state=256
probe type=7 widget=Canvas delta=0 num=?? state=0
probe type=7 widget=Frame delta=0 num=?? state=0
probe type=7 widget=Frame delta=0 num=?? state=0
probe type=8 widget=Frame delta=0 num=?? state=0
probe type=7 widget=Frame delta=0 num=?? state=0
probe type=8 widget=Frame delta=0 num=?? state=0
probe type=8 widget=Frame delta=0 num=?? state=0
probe type=7 widget=Frame delta=0 num=?? state=0
probe type=8 widget=Frame delta=0 num=?? state=0
probe type=7 widget=Frame delta=0 num=?? state=0
probe type=8 widget=Frame delta=0 num=?? state=0
probe type=7 widget=Entry delta=0 num=?? state=0
probe type=8 widget=Entry delta=0 num=?? state=0
probe type=7 widget=Frame delta=0 num=?? state=0
probe type=8 widget=Frame delta=0 num=?? state=0
probe type=7 widget=Frame delta=0 num=?? state=0
probe type=7 widget=Scrollbar delta=0 num=?? state=0
probe type=8 widget=Scrollbar delta=0 num=?? state=0
probe type=8 widget=Frame delta=0 num=?? state=0
probe type=8 widget=Frame delta=0 num=?? state=0
probe type=8 widget=Frame delta=0 num=?? state=0
probe type=8 widget=Frame delta=0 num=?? state=0
probe type=8 widget=Canvas delta=0 num=?? state=0
probe type=10 widget=Canvas delta=0 num=?? state=??
probe type=9 widget=Canvas delta=0 num=?? state=??
probe type=7 widget=Canvas delta=0 num=?? state=0
probe type=7 widget=Frame delta=0 num=?? state=0
probe type=7 widget=Frame delta=0 num=?? state=0
probe type=7 widget=Frame delta=0 num=?? state=0
probe type=8 widget=Frame delta=0 num=?? state=0
probe type=7 widget=Frame delta=0 num=?? state=0
probe type=7 widget=Text delta=0 num=?? state=0
probe type=8 widget=Text delta=0 num=?? state=0
probe type=8 widget=Frame delta=0 num=?? state=0
probe type=7 widget=Entry delta=0 num=?? state=0
probe type=8 widget=Entry delta=0 num=?? state=0
probe type=7 widget=Frame delta=0 num=?? state=0
probe type=8 widget=Frame delta=0 num=?? state=0
probe type=7 widget=Frame delta=0 num=?? state=0
probe type=8 widget=Frame delta=0 num=?? state=0
probe type=7 widget=Frame delta=0 num=?? state=0
probe type=7 widget=Frame delta=0 num=?? state=0
probe type=8 widget=Frame delta=0 num=?? state=0
probe type=7 widget=Frame delta=0 num=?? state=0
probe type=8 widget=Frame delta=0 num=?? state=0
probe type=8 widget=Frame delta=0 num=?? state=0
probe type=8 widget=Canvas delta=0 num=?? state=0
probe type=7 widget=Canvas delta=0 num=?? state=0
probe type=7 widget=Frame delta=0 num=?? state=0
probe type=7 widget=Frame delta=0 num=?? state=0
probe type=7 widget=Frame delta=0 num=?? state=0
probe type=7 widget=Text delta=0 num=?? state=0
probe type=8 widget=Text delta=0 num=?? state=0
probe type=8 widget=Frame delta=0 num=?? state=0
probe type=8 widget=Frame delta=0 num=?? state=0
probe type=8 widget=Frame delta=0 num=?? state=0
probe type=8 widget=Canvas delta=0 num=?? state=0
probe type=4 widget=Button delta=0 num=1 state=0
probe type=5 widget=Button delta=0 num=1 state=256
probe type=4 widget=Button delta=0 num=1 state=0
probe type=5 widget=Button delta=0 num=1 state=256
probe type=7 widget=Canvas delta=0 num=?? state=0
probe type=7 widget=Frame delta=0 num=?? state=0
probe type=7 widget=Frame delta=0 num=?? state=0
probe type=7 widget=Frame delta=0 num=?? state=0
probe type=8 widget=Frame delta=0 num=?? state=0
probe type=7 widget=Entry delta=0 num=?? state=0
probe type=8 widget=Entry delta=0 num=?? state=0
probe type=7 widget=Label delta=0 num=?? state=0
probe type=8 widget=Label delta=0 num=?? state=0
probe type=7 widget=Frame delta=0 num=?? state=0
probe type=7 widget=Text delta=0 num=?? state=0
probe type=8 widget=Text delta=0 num=?? state=0
probe type=8 widget=Frame delta=0 num=?? state=0
probe type=7 widget=Frame delta=0 num=?? state=0
probe type=8 widget=Frame delta=0 num=?? state=0
probe type=7 widget=Label delta=0 num=?? state=0
probe type=8 widget=Label delta=0 num=?? state=0
probe type=7 widget=Frame delta=0 num=?? state=0
probe type=8 widget=Frame delta=0 num=?? state=0
probe type=7 widget=Entry delta=0 num=?? state=0
probe type=8 widget=Entry delta=0 num=?? state=0
probe type=7 widget=Frame delta=0 num=?? state=0
probe type=4 widget=Frame delta=0 num=1 state=0
drag start widget=Frame y=-50
probe type=4 widget=Frame delta=0 num=1 state=0
drag scroll dy=-9 steps=1 widget=Frame
drag scroll dy=-6 steps=1 widget=Frame
drag scroll dy=-8 steps=1 widget=Frame
drag scroll dy=-7 steps=1 widget=Frame
drag scroll dy=-6 steps=1 widget=Frame
probe type=5 widget=Frame delta=0 num=1 state=256
drag end widget=Frame y=-86
probe type=5 widget=Frame delta=0 num=1 state=256
probe type=8 widget=Frame delta=0 num=?? state=0
probe type=7 widget=Frame delta=0 num=?? state=0
probe type=7 widget=Text delta=0 num=?? state=0
probe type=8 widget=Text delta=0 num=?? state=0
probe type=8 widget=Frame delta=0 num=?? state=0
probe type=7 widget=Frame delta=0 num=?? state=0
probe type=8 widget=Frame delta=0 num=?? state=0
probe type=7 widget=Frame delta=0 num=?? state=0
probe type=8 widget=Frame delta=0 num=?? state=0
probe type=7 widget=Frame delta=0 num=?? state=0
probe type=7 widget=Button delta=0 num=?? state=0
probe type=8 widget=Button delta=0 num=?? state=0
probe type=7 widget=Frame delta=0 num=?? state=0
probe type=8 widget=Frame delta=0 num=?? state=0
probe type=7 widget=Button delta=0 num=?? state=0
probe type=8 widget=Button delta=0 num=?? state=0
probe type=7 widget=Frame delta=0 num=?? state=0
probe type=8 widget=Frame delta=0 num=?? state=0
probe type=7 widget=Button delta=0 num=?? state=0
probe type=4 widget=Button delta=0 num=1 state=0
probe type=4 widget=Button delta=0 num=1 state=0
probe type=5 widget=Button delta=0 num=1 state=256
probe type=5 widget=Button delta=0 num=1 state=256
probe type=8 widget=Button delta=0 num=?? state=0
probe type=8 widget=Frame delta=0 num=?? state=0
probe type=7 widget=Frame delta=0 num=?? state=0
probe type=8 widget=Frame delta=0 num=?? state=0
probe type=8 widget=Frame delta=0 num=?? state=0
probe type=8 widget=Canvas delta=0 num=?? state=0
probe type=10 widget=Canvas delta=0 num=?? state=??
